ID,Coffee_Region,Pruning_techniques_used,Resistant_Coffee_Varieties,Use_Organic_Fertilizer,Intercrop_food_tree_with_coffee,Number_of_times_farmer_weeded_in_last_year,Yield
1,Antigua,,no,Yes,yes,3,66.7
2,Antigua,,no,Yes,yes,3,66.7
3,Antigua,branch_removal desuckering,no,Yes,yes,3,133.3
4,Antigua,,no,Yes,yes,2,125
5,Antigua,branch_removal desuckering topping,yes,Yes,yes,3,277.8
6,Antigua,desuckering topping,yes,Yes,yes,3,
7,Antigua,branch_removal desuckering topping,no,Yes,no,3,116.7
8,Antigua,branch_removal topping,no,Yes,yes,3,111.1
9,Antigua,,no,Yes,yes,2,42
10,Antigua,,no,Yes,yes,4,160
11,Antigua,,no,Yes,yes,3,123.3
12,Antigua,branch_removal desuckering topping,no,Yes,yes,4,533.3
13,Antigua,,no,Yes,yes,3,80
14,Antigua,,no,Yes,yes,3,125
15,Antigua,,no,Yes,yes,3,88.6
16,Antigua,,no,Yes,yes,4,113.5
17,Antigua,branch_removal desuckering,no,Yes,yes,3,13.3
18,Antigua,branch_removal,no,Yes,yes,2,145.8
19,Antigua,,no,Yes,yes,3,88.9
20,Antigua,,no,Yes,yes,3,80
21,Antigua,,no,Yes,yes,3,200
22,Antigua,,no,Yes,yes,2,126.7
23,Antigua,branch_removal desuckering,no,Yes,yes,4,280
24,Antigua,,no,Yes,yes,3,55.6
25,Antigua,,no,Yes,yes,2,30
26,Antigua,branch_removal,no,Yes,yes,2,266.7
27,Antigua,,no,Yes,yes,3,139.3
28,Antigua,,no,Yes,yes,3,27.2
29,Antigua,,dont_know,Yes,yes,3,86.7
30,Antigua,,no,Yes,yes,3,158.4
31,Antigua,,no,No,yes,3,120
32,Antigua,,no,Yes,yes,3,270.8
33,Antigua,,yes,Yes,yes,3,27.3
34,Antigua,,no,Yes,yes,3,
35,Antigua,,no,Yes,yes,4,80
36,Antigua,,no,Yes,yes,3,333.3
37,Antigua,,no,Yes,yes,3,56.7
38,Antigua,branch_removal,yes,No,yes,2,638.9
39,Antigua,branch_removal desuckering topping,yes,Yes,yes,4,266.7
40,Antigua,,no,Yes,yes,2,395.8
41,Antigua,,no,Yes,yes,3,20.8
42,Antigua,,no,Yes,yes,4,21.9
43,Antigua,topping,yes,Yes,yes,3,33.3
44,Antigua,,no,Yes,yes,2,133.3
45,Antigua,branch_removal desuckering,no,Yes,yes,3,346.7
46,Antigua,,no,No,yes,2,76.7
47,Antigua,,no,Yes,yes,3,45.6
48,Antigua,,no,Yes,yes,3,53.6
49,Antigua,branch_removal desuckering topping,no,Yes,yes,3,300
50,Antigua,,no,Yes,yes,4,102.7
51,Antigua,,no,Yes,yes,4,713.3
52,Antigua,,no,Yes,yes,5,48.1
53,Antigua,topping,yes,Yes,yes,3,84.4
54,Antigua,,no,Yes,yes,2,20
55,Antigua,,no,Yes,no,2,70
56,Antigua,,no,Yes,yes,2,220
57,Antigua,,no,Yes,yes,2,16.7
58,Antigua,,no,Yes,yes,3,404.8
59,Antigua,branch_removal desuckering topping,no,Yes,yes,2,333.3
60,Antigua,branch_removal,yes,Yes,yes,2,800
61,Antigua,branch_removal,no,Yes,yes,2,90
62,Antigua,,no,Yes,yes,2,33.3
63,Antigua,,no,Yes,yes,2,13.3
64,Antigua,,no,Yes,yes,3,22.9
65,Antigua,,no,Yes,yes,3,118.5
66,Antigua,,no,Yes,yes,1,133.3
67,Antigua,,no,No,yes,4,31.3
68,Antigua,,no,Yes,yes,3,133.3
69,Antigua,branch_removal desuckering topping,no,Yes,yes,2,301.7
70,Antigua,,no,Yes,yes,2,333.3
71,Antigua,,no,Yes,yes,2,66.7
72,Antigua,,no,Yes,yes,2,133.3
73,Antigua,branch_removal,no,Yes,yes,2,533.3
74,Antigua,branch_removal desuckering topping,no,Yes,yes,3,100
75,Antigua,,no,Yes,yes,3,46.7
76,Antigua,,no,Yes,yes,2,34
77,Antigua,,no,Yes,yes,2,40
78,Antigua,branch_removal desuckering topping,no,Yes,yes,3,300
79,Antigua,,no,Yes,yes,2,200
80,Antigua,,no,Yes,yes,3,26.7
81,Antigua,topping,no,Yes,yes,3,49.2
82,Antigua,branch_removal desuckering topping,no,Yes,yes,4,86.7
83,Antigua,,no,Yes,no,3,120
84,Antigua,topping,no,Yes,yes,3,28.6
85,Antigua,,no,Yes,yes,3,83.3
86,Antigua,,no,Yes,yes,2,80
87,Antigua,desuckering topping,yes,Yes,yes,2,80
88,Antigua,topping,yes,Yes,yes,3,93.3
89,Antigua,,no,Yes,yes,3,133.3
90,Antigua,,no,Yes,yes,3,120
91,Antigua,,no,No,yes,3,26.7
92,Antigua,,no,Yes,yes,2,66.7
93,Antigua,,no,Yes,yes,3,41.7
94,Antigua,,no,Yes,yes,4,86.9
95,Antigua,,yes,Yes,yes,3,80
96,Antigua,,no,Yes,yes,1,33.3
97,Antigua,branch_removal selective_pruning,no,Yes,yes,3,83.3
98,Antigua,,no,Yes,yes,3,422.2
99,Antigua,branch_removal,dont_know,Yes,no,3,168.9
100,Antigua,,no,Yes,no,3,33.3
101,Antigua,branch_removal,yes,Yes,yes,3,145
102,Antigua,branch_removal desuckering topping,yes,Yes,yes,2,250
103,Antigua,,no,Yes,yes,2,53.3
104,Antigua,,no,No,yes,2,120
105,Antigua,topping,no,Yes,yes,3,127.2
106,Antigua,,no,Yes,yes,2,193.3
107,Antigua,,no,Yes,yes,3,200
108,Antigua,,no,Yes,yes,3,83.3
109,Antigua,topping,yes,Yes,yes,3,138.9
110,Antigua,,no,No,yes,2,10
111,Antigua,,no,Yes,yes,3,114
112,Antigua,,no,Yes,yes,3,66.7
113,Antigua,,no,No,yes,3,441.7
114,Antigua,branch_removal,no,Yes,yes,2,425
115,Antigua,desuckering topping,no,Yes,yes,4,91.1
116,Antigua,branch_removal desuckering,no,Yes,yes,3,173.3
117,Antigua,,no,Yes,yes,3,633.3
118,Antigua,,no,No,yes,3,158.1
119,Antigua,,yes,Yes,yes,3,255.6
120,Antigua,,no,Yes,yes,3,54.2
121,Antigua,,no,Yes,yes,2,63.9
122,Antigua,,no,Yes,yes,3,438.1
123,Antigua,,no,No,no,2,13.3
124,Antigua,,dont_know,Yes,yes,3,53.3
125,Antigua,,no,Yes,yes,2,10
126,Antigua,,no,Yes,yes,3,157.8
127,Antigua,,no,Yes,yes,3,16.7
128,Antigua,,no,Yes,yes,3,106.1
129,Antigua,,no,Yes,yes,2,120
130,Antigua,,no,Yes,yes,3,38.7
131,Antigua,,no,Yes,yes,2,65
132,Antigua,,no,Yes,yes,3,125
133,Antigua,,no,Yes,yes,3,46.7
134,Antigua,,yes,Yes,yes,4,97.5
135,Antigua,,no,Yes,yes,2,83.3
136,Antigua,,no,Yes,yes,3,83.3
137,Antigua,,no,Yes,yes,2,266.7
138,Antigua,,no,Yes,yes,2,66.7
139,Antigua,branch_removal desuckering topping,no,Yes,yes,3,266.7
140,Antigua,,no,Yes,yes,3,8.3
141,Antigua,branch_removal desuckering,no,Yes,yes,2,46.9
142,Antigua,,no,Yes,yes,2,119
143,Antigua,,no,Yes,yes,3,83.3
144,Antigua,,no,Yes,yes,3,488.9
145,Antigua,,no,Yes,yes,2,538.8
146,Antigua,,no,Yes,yes,2,66.7
147,Antigua,,no,Yes,yes,2,81.7
148,Antigua,,yes,Yes,yes,3,100
149,Antigua,,no,Yes,yes,3,333.3
150,Antigua,,no,Yes,yes,2,66.7
151,Antigua,,no,Yes,yes,3,271.5
152,Antigua,,no,Yes,yes,2,25
153,Antigua,,no,Yes,yes,2,73.3
154,Antigua,,no,Yes,yes,2,133.3
155,Antigua,,no,Yes,yes,3,133.3
156,Antigua,,no,Yes,yes,3,158.3
157,Antigua,branch_removal desuckering,no,Yes,yes,2,285.7
158,Antigua,,no,Yes,yes,3,733.3
159,Antigua,,no,Yes,yes,2,33.3
160,Antigua,,no,Yes,yes,3,260.4
161,Antigua,,no,Yes,yes,2,319.4
162,Antigua,,no,Yes,yes,3,66.7
163,Antigua,,no,Yes,yes,2,1058.3
164,Antigua,,no,Yes,yes,3,111.1
165,Antigua,,no,Yes,yes,3,133.3
166,Antigua,,no,Yes,yes,2,729.2
167,Antigua,,no,Yes,yes,3,191.7
168,Antigua,,no,Yes,yes,3,233.3
169,Antigua,,no,Yes,yes,2,133.3
170,Antigua,,no,Yes,yes,3,259.3
171,Antigua,,no,Yes,yes,2,44.4
172,Antigua,,no,Yes,yes,3,216.7
173,Antigua,,no,Yes,no,3,133.3
174,Antigua,,no,Yes,yes,4,66.7
175,Antigua,,no,Yes,yes,2,12.5
176,Antigua,,no,Yes,yes,2,200
177,Antigua,,no,Yes,yes,3,266.7
178,Antigua,,no,Yes,no,2,66.7
179,Antigua,,no,Yes,yes,3,266.7
180,Antigua,branch_removal desuckering,yes,Yes,yes,2,105.1
181,Antigua,,no,Yes,yes,2,233.3
182,Antigua,,no,Yes,yes,3,566.7
183,Antigua,,no,Yes,yes,3,93.3
184,Antigua,branch_removal desuckering,no,Yes,yes,2,102
185,Antigua,,no,Yes,yes,3,303.8
186,Antigua,branch_removal desuckering topping,no,Yes,yes,3,59.4
187,Antigua,,no,Yes,yes,3,355.6
188,Antigua,,no,Yes,yes,3,55.6
189,Antigua,,no,Yes,yes,2,125
190,Antigua,topping,no,Yes,yes,2,
191,Antigua,,no,Yes,yes,3,16.7
192,Antigua,,no,Yes,yes,2,1770.8
193,Antigua,,no,Yes,yes,2,28.6
194,Antigua,,no,Yes,yes,3,119
195,Antigua,,no,Yes,yes,3,200
196,Antigua,desuckering topping,no,Yes,no,3,266.7
197,Antigua,,no,Yes,yes,2,208.3
198,Antigua,,no,Yes,yes,3,66.7
199,Antigua,,no,Yes,yes,3,1197.9
200,Antigua,,no,Yes,yes,2,500
201,Antigua,,no,Yes,yes,3,466.7
202,Antigua,,no,Yes,yes,3,176.7
203,Antigua,,no,Yes,yes,2,50.6
204,Antigua,,yes,Yes,yes,2,18.7
205,Antigua,,no,Yes,no,1,39.6
206,Antigua,,no,Yes,yes,3,30.6
207,Antigua,,no,Yes,yes,2,61.7
208,Antigua,,no,Yes,yes,3,272.7
209,Antigua,,no,Yes,yes,3,50
210,Antigua,,yes,Yes,yes,3,41.7
211,Antigua,,no,Yes,yes,2,26.7
212,Antigua,,no,Yes,yes,3,33.3
213,Antigua,topping,no,Yes,no,3,40
214,Antigua,topping,yes,Yes,yes,2,104.2
215,Antigua,,no,Yes,yes,2,127.8
216,Antigua,,no,Yes,yes,3,427.2
217,Antigua,topping,yes,Yes,yes,3,366.7
218,Antigua,,no,Yes,yes,3,38.1
219,Antigua,topping,no,Yes,yes,3,649.1
220,Antigua,,no,Yes,yes,2,763.9
221,Antigua,,no,Yes,yes,3,66.7
222,Antigua,,no,Yes,yes,2,124.4
223,Antigua,,no,Yes,yes,2,
224,Antigua,,no,Yes,yes,2,155.6
225,Antigua,,no,Yes,yes,2,310.7
226,Antigua,,no,Yes,yes,2,113
227,Antigua,,no,Yes,yes,2,208.3
228,Antigua,,no,Yes,no,3,66.7
229,Antigua,,no,Yes,yes,2,93.3
230,Antigua,,no,Yes,yes,3,180.3
231,Antigua,,no,Yes,yes,2,50
232,Antigua,,yes,Yes,yes,2,106.7
233,Antigua,,no,Yes,yes,2,583.3
234,Antigua,,no,Yes,yes,2,350
235,Antigua,,no,Yes,yes,3,416.7
236,Antigua,topping,no,Yes,yes,2,216.7
237,Antigua,,dont_know,Yes,yes,2,43.6
238,Antigua,,no,Yes,yes,2,155.6
239,Antigua,,no,Yes,yes,3,625
240,Antigua,,no,Yes,yes,3,184.4
241,Antigua,,no,Yes,yes,2,11.1
242,Antigua,,no,Yes,yes,3,50
243,Antigua,branch_removal desuckering,no,Yes,yes,2,102.1
244,Antigua,branch_removal desuckering topping,no,Yes,yes,3,100
245,Antigua,,no,Yes,yes,2,190.7
246,Antigua,topping,no,Yes,yes,3,96.7
247,Antigua,,no,Yes,yes,3,66.7
248,Antigua,,no,Yes,yes,3,116.7
249,Antigua,topping,no,Yes,yes,3,260.4
250,Antigua,topping,no,Yes,yes,3,166.7
251,Antigua,topping,no,Yes,yes,2,61.7
252,Antigua,,no,Yes,yes,2,133.3
253,Antigua,,no,Yes,yes,3,245.1
254,Antigua,,no,Yes,yes,3,194.4
255,Antigua,topping,no,Yes,yes,3,216.7
256,Antigua,,no,Yes,no,2,166.7
257,Antigua,,no,Yes,no,2,1076.4
258,Antigua,,no,Yes,yes,3,666.7
259,Antigua,,no,Yes,yes,3,263.3
260,Antigua,,no,Yes,yes,3,183.3
261,Antigua,,no,Yes,yes,1,11.7
262,Antigua,desuckering topping,yes,Yes,yes,3,113.8
263,Antigua,branch_removal desuckering,no,Yes,yes,3,66.7
264,Antigua,,no,Yes,yes,2,57.1
265,Antigua,,yes,Yes,yes,3,166.7
266,Antigua,,no,Yes,yes,3,816.7
267,Antigua,,no,Yes,yes,4,200
268,Antigua,,no,Yes,yes,4,55.6
269,Antigua,,no,Yes,yes,2,233.3
270,Antigua,,no,Yes,yes,2,111.1
271,Antigua,branch_removal desuckering topping,no,Yes,yes,3,204.2
272,Antigua,,no,Yes,yes,2,166.7
273,Antigua,desuckering topping,no,Yes,yes,2,203.3
274,Antigua,,no,Yes,yes,3,44.4
275,Antigua,,no,Yes,yes,3,416.7
276,Antigua,,no,Yes,yes,3,330.8
277,Antigua,,no,Yes,no,2,166.7
278,Antigua,,no,Yes,yes,2,181
279,Antigua,,no,Yes,yes,2,158.3
280,Antigua,,no,Yes,yes,2,177.1
281,Antigua,,yes,Yes,yes,3,233.3
282,Antigua,,no,Yes,yes,2,1075.8
283,Antigua,,no,Yes,yes,2,133.3
284,Antigua,branch_removal desuckering topping,no,Yes,yes,3,73.3
285,Antigua,,no,Yes,yes,2,213.3
286,Antigua,,no,Yes,yes,2,106.7
287,Antigua,,no,Yes,yes,2,133.3
288,Antigua,,no,Yes,yes,3,150
289,Antigua,desuckering topping,no,Yes,yes,3,288.9
290,Antigua,,no,Yes,yes,3,130
291,Antigua,,no,Yes,yes,2,659.7
292,Antigua,branch_removal desuckering,no,Yes,yes,2,179.2
293,Antigua,,no,Yes,yes,2,1888.9
294,Antigua,desuckering topping,no,Yes,yes,2,160
295,Antigua,,no,Yes,yes,2,833.3
296,Antigua,,no,Yes,yes,3,166.7
297,Antigua,topping,no,Yes,yes,2,333.3
298,Antigua,,no,Yes,yes,2,218.3
299,Antigua,,no,Yes,yes,3,400
300,Antigua,,no,Yes,no,2,145.8
301,Antigua,,no,Yes,yes,3,65.4
302,Antigua,,no,Yes,yes,2,15
303,Antigua,branch_removal desuckering topping,no,Yes,yes,2,29.8
304,Antigua,,no,Yes,yes,3,381
305,Antigua,,no,Yes,yes,3,140.2
306,Antigua,,no,Yes,yes,3,166.7
307,Antigua,,no,Yes,yes,2,38.1
308,Antigua,,no,Yes,no,3,166.7
309,Antigua,,no,Yes,yes,3,150
310,Antigua,,no,Yes,yes,3,96.2
311,Antigua,,no,Yes,yes,3,1875
312,Antigua,,no,Yes,yes,3,66.7
313,Antigua,,no,Yes,yes,2,428.6
314,Antigua,,no,Yes,yes,2,866.7
315,Antigua,,no,Yes,yes,3,866.7
316,Antigua,,no,Yes,yes,2,66.7
317,Antigua,,no,Yes,yes,2,153.3
318,Antigua,,yes,Yes,yes,3,450
319,Antigua,,no,Yes,yes,2,276.7
320,Antigua,,no,Yes,yes,2,133.3
321,Antigua,,no,Yes,yes,2,83.3
322,Antigua,,no,Yes,yes,2,80
323,Antigua,topping,no,Yes,yes,3,104.8
324,Antigua,,no,Yes,yes,3,49.2
325,Antigua,,yes,Yes,yes,2,100
326,Antigua,,yes,Yes,yes,3,0.2
327,Antigua,desuckering,no,Yes,yes,2,225
328,Antigua,desuckering,no,Yes,yes,3,211.1
329,Antigua,branch_removal desuckering,no,Yes,yes,3,186.7
330,Antigua,,no,Yes,yes,2,186.7
331,Antigua,topping,yes,Yes,yes,3,112.4
332,Antigua,topping,no,Yes,yes,2,201.4
333,Antigua,branch_removal desuckering,yes,Yes,yes,2,555.6
334,Antigua,,no,Yes,yes,3,125
335,Antigua,desuckering topping,no,Yes,yes,3,208.3
336,Antigua,desuckering,no,Yes,yes,4,90
337,Antigua,,no,Yes,yes,2,192.7
338,Antigua,,no,Yes,yes,3,160
339,Antigua,,no,Yes,yes,3,183.3
340,Antigua,desuckering,no,No,yes,2,400
341,Antigua,,no,Yes,yes,3,166.7
342,Antigua,,no,Yes,yes,2,144.2
343,Antigua,,no,Yes,no,3,126.7
344,Antigua,topping,yes,Yes,yes,3,471
345,Antigua,branch_removal desuckering topping,yes,Yes,yes,3,125
346,Antigua,,yes,Yes,yes,3,100
347,Antigua,,no,Yes,yes,2,144.4
348,Antigua,branch_removal desuckering topping,yes,Yes,yes,3,40.7
349,Antigua,desuckering,no,No,yes,2,8.3
350,Antigua,branch_removal desuckering,yes,Yes,yes,3,160
351,Antigua,,no,Yes,yes,2,73.3
352,Antigua,,no,Yes,yes,2,133.3
353,Antigua,,no,Yes,yes,3,87.3
354,Antigua,,no,Yes,yes,3,224.4
355,Antigua,,no,Yes,yes,2,54.7
356,Antigua,topping,no,Yes,yes,4,79.7
357,Antigua,desuckering,no,Yes,yes,2,216.7
358,Antigua,,no,Yes,yes,2,33.3
359,Antigua,,yes,Yes,no,3,53.3
360,Antigua,topping,no,No,yes,2,53.3
361,Antigua,topping,no,Yes,yes,3,1333.3
362,Antigua,desuckering,no,Yes,no,3,314.3
363,Antigua,branch_removal desuckering topping,yes,Yes,yes,3,84.4
364,Antigua,branch_removal desuckering topping,yes,Yes,yes,3,53.3
365,Antigua,desuckering,dont_know,Yes,yes,2,163.3
366,Antigua,branch_removal desuckering topping,yes,Yes,yes,3,143.3
367,Antigua,,no,Yes,yes,3,120.2
368,Antigua,branch_removal desuckering topping,yes,Yes,yes,3,46.7
369,Antigua,,no,Yes,yes,2,146.7
370,Antigua,,no,Yes,yes,1,66.7
371,Antigua,branch_removal desuckering topping,yes,Yes,yes,3,23.3
372,Antigua,,no,Yes,yes,3,110
373,Antigua,branch_removal desuckering topping,no,Yes,yes,4,326
374,Antigua,desuckering topping,no,Yes,yes,3,
375,Antigua,branch_removal desuckering,yes,Yes,yes,3,166.7
376,Antigua,,no,Yes,yes,4,66.7
377,Antigua,,no,Yes,yes,2,100
378,Antigua,branch_removal desuckering topping,yes,Yes,yes,3,196.7
379,Antigua,,yes,Yes,yes,3,118.9
380,Antigua,desuckering topping,yes,Yes,yes,2,97.8
381,Antigua,,no,Yes,yes,3,247.6
382,Antigua,,yes,Yes,yes,1,386.7
383,Antigua,topping,no,Yes,yes,3,133.3
384,Antigua,,no,Yes,yes,3,206.1
385,Antigua,branch_removal desuckering topping,no,Yes,yes,4,41.1
386,Antigua,branch_removal desuckering,yes,Yes,yes,2,400
387,Antigua,,yes,Yes,yes,3,196.7
388,Antigua,topping,yes,Yes,yes,3,33
389,Antigua,topping,no,Yes,yes,3,312.5
390,Antigua,desuckering,no,No,yes,3,180.6
391,Antigua,topping,no,Yes,yes,3,183.3
392,Antigua,branch_removal desuckering topping,yes,Yes,yes,3,186.7
393,Antigua,branch_removal desuckering topping,yes,Yes,yes,3,453.3
394,Antigua,,yes,No,yes,2,63.3
395,Antigua,,no,Yes,yes,3,398.6
396,Antigua,branch_removal desuckering topping,yes,Yes,yes,4,182.5
397,Antigua,desuckering topping,yes,Yes,yes,3,14.3
398,Antigua,,no,Yes,yes,2,221.4
399,Antigua,desuckering,no,Yes,yes,2,79.2
400,Antigua,branch_removal desuckering,yes,Yes,yes,3,226.7
401,Antigua,,no,Yes,yes,3,27.8
402,Antigua,branch_removal desuckering topping,no,Yes,yes,3,446.7
403,Antigua,,yes,Yes,yes,3,193.3
404,Antigua,,no,Yes,yes,3,104.2
405,Antigua,branch_removal desuckering,yes,Yes,yes,3,133.3
406,Antigua,desuckering,no,No,yes,2,280
407,Antigua,branch_removal desuckering topping,no,Yes,yes,2,30
408,Antigua,,yes,No,yes,2,113.3
409,Antigua,branch_removal desuckering topping,no,Yes,yes,3,73.3
410,Antigua,topping,yes,Yes,yes,3,105.6
411,Antigua,branch_removal desuckering,no,Yes,yes,3,23.3
412,Antigua,branch_removal desuckering,no,Yes,yes,3,56.7
413,Antigua,,no,Yes,yes,3,150
414,Antigua,,no,Yes,yes,2,50
415,Antigua,branch_removal desuckering topping,yes,Yes,yes,3,105.6
416,Antigua,topping,no,Yes,yes,3,133.3
417,Antigua,,no,Yes,yes,3,426.7
418,Antigua,desuckering topping,yes,Yes,yes,3,173.3
419,Antigua,,no,No,yes,2,6.7
420,Antigua,,no,Yes,yes,3,126.7
421,Antigua,desuckering,no,Yes,yes,2,33.3
422,Antigua,branch_removal desuckering,yes,Yes,yes,3,137.3
423,Antigua,branch_removal desuckering topping,yes,Yes,yes,3,145.3
424,Antigua,branch_removal topping,no,Yes,no,3,133.3
425,Antigua,branch_removal desuckering topping,yes,Yes,yes,6,2058.3
426,Antigua,branch_removal desuckering topping,no,Yes,yes,4,1047
427,Antigua,desuckering,no,No,yes,2,448.7
428,Antigua,topping,no,Yes,yes,2,226.2
429,Antigua,desuckering,no,Yes,yes,3,94.4
430,Antigua,topping,yes,Yes,yes,3,185.2
431,Antigua,,no,Yes,yes,2,83.3
432,Antigua,branch_removal desuckering,yes,Yes,yes,2,112.4
433,Antigua,,no,Yes,yes,3,33.3
434,Antigua,,no,Yes,yes,2,214.1
435,Antigua,,no,Yes,yes,3,347.2
436,Antigua,desuckering,yes,No,no,3,213.3
437,Antigua,topping,yes,Yes,yes,4,77.3
438,Antigua,desuckering topping,no,Yes,yes,3,69.4
439,Antigua,,yes,Yes,yes,2,43.3
440,Antigua,branch_removal desuckering topping,no,Yes,yes,3,333.3
441,Antigua,topping,no,Yes,yes,3,37.5
442,Antigua,topping,no,Yes,yes,2,35.3
443,Antigua,desuckering topping,no,Yes,yes,2,193.3
444,Antigua,,no,No,yes,2,66.7
445,Antigua,branch_removal desuckering topping,no,Yes,yes,3,102.2
446,Antigua,branch_removal desuckering topping,yes,Yes,yes,4,213.3
447,Antigua,branch_removal desuckering,yes,Yes,yes,4,266.7
448,Antigua,,no,Yes,yes,2,186.7
449,Antigua,branch_removal desuckering topping,no,Yes,yes,2,357.1
450,Antigua,branch_removal desuckering,no,Yes,yes,3,235.6
451,Antigua,branch_removal desuckering topping,no,Yes,yes,2,100
452,Antigua,desuckering,yes,Yes,yes,4,108.3
453,Antigua,,yes,Yes,yes,3,226.7
454,Antigua,,yes,Yes,yes,3,61.7
455,Antigua,,yes,Yes,yes,3,113.3
456,Antigua,topping,yes,Yes,yes,4,143.7
457,Antigua,branch_removal desuckering,no,Yes,yes,3,98.3
458,Antigua,branch_removal desuckering selective_pruning,no,Yes,yes,3,50
459,Antigua,topping,yes,Yes,yes,2,286.5
460,Antigua,,no,No,yes,3,150
461,Antigua,branch_removal desuckering topping,no,Yes,yes,3,31.7
462,Antigua,branch_removal desuckering topping,no,Yes,yes,3,133.3
463,Antigua,topping,yes,Yes,yes,3,571.4
464,Antigua,,yes,No,yes,2,220.8
465,Antigua,,yes,Yes,yes,3,220
466,Antigua,topping,no,Yes,yes,3,312.5
467,Antigua,desuckering,no,No,yes,3,206.3
468,Antigua,,yes,Yes,yes,2,112.5
469,Antigua,,no,Yes,yes,4,363.3
470,Antigua,,no,Yes,yes,3,59.4
471,Antigua,branch_removal desuckering,yes,Yes,yes,3,60
472,Antigua,,yes,No,yes,2,138.9
473,Antigua,topping,yes,Yes,yes,3,111.6
474,Antigua,branch_removal desuckering topping,yes,Yes,yes,4,116.7
475,Antigua,,no,Yes,yes,2,44.4
476,Antigua,,no,No,yes,3,143.3
477,Antigua,,no,Yes,yes,3,16.7
478,Antigua,,no,Yes,yes,2,90
479,Antigua,,yes,Yes,yes,3,844.4
480,Antigua,desuckering,no,Yes,yes,3,200
481,Antigua,branch_removal desuckering topping,yes,Yes,yes,3,260
482,Antigua,,yes,Yes,yes,2,100
483,Antigua,branch_removal desuckering topping,no,Yes,yes,3,158.3
484,Antigua,desuckering,no,Yes,yes,3,4.7
485,Antigua,topping,no,Yes,yes,2,133.3
486,Antigua,,no,Yes,yes,2,80.6
487,Antigua,,no,Yes,yes,3,311.1
488,Antigua,branch_removal desuckering,yes,Yes,yes,3,143.3
489,Antigua,,yes,Yes,yes,3,160
490,Antigua,branch_removal desuckering topping,no,Yes,yes,3,17.3
491,Antigua,,no,Yes,yes,2,66.7
492,Antigua,branch_removal desuckering topping,yes,Yes,yes,4,253.3
493,Antigua,desuckering,yes,Yes,yes,3,20.8
494,Antigua,desuckering,yes,Yes,yes,2,181
495,Antigua,topping,yes,Yes,yes,2,42.5
496,Antigua,desuckering,no,Yes,yes,2,150
497,Antigua,,no,Yes,yes,2,193.3
498,Antigua,branch_removal desuckering topping,yes,Yes,yes,4,876.7
499,Antigua,,no,Yes,yes,2,180.6
500,Antigua,branch_removal desuckering,yes,Yes,yes,4,77.2
501,Antigua,,no,No,yes,2,166.7
502,Antigua,branch_removal desuckering topping,yes,Yes,yes,3,85
503,Antigua,desuckering,yes,Yes,yes,3,500
504,Antigua,,dont_know,No,yes,1,133.3
505,Antigua,topping,yes,Yes,yes,3,21
506,Antigua,,yes,Yes,yes,2,64.4
507,Antigua,topping,yes,Yes,yes,3,155
508,Antigua,branch_removal desuckering topping,no,Yes,yes,3,160
509,Antigua,desuckering,no,No,yes,3,180
510,Antigua,,no,Yes,yes,3,193.3
511,Antigua,,yes,Yes,yes,3,327.8
512,Antigua,desuckering,no,Yes,yes,3,762.8
513,Antigua,,no,Yes,yes,3,333.3
514,Antigua,topping,no,Yes,yes,2,39.2
515,Antigua,branch_removal desuckering,no,Yes,yes,4,325
516,Antigua,topping,yes,Yes,yes,3,115.6
517,Antigua,desuckering,no,Yes,yes,3,66.7
518,Antigua,,no,Yes,yes,4,83.3
519,Antigua,,yes,Yes,yes,4,451.4
520,Antigua,topping,no,Yes,yes,3,66.7
521,Antigua,branch_removal desuckering,yes,Yes,yes,2,506.7
522,Antigua,,no,Yes,yes,2,250
523,Antigua,,no,Yes,yes,3,83.3
524,Antigua,,no,Yes,yes,2,280
525,Antigua,,no,Yes,yes,3,135
526,Antigua,,yes,Yes,yes,3,98.2
527,Antigua,,no,Yes,yes,3,180
528,Antigua,,no,Yes,no,3,136.7
529,Antigua,topping,yes,Yes,yes,3,79.9
530,Antigua,,no,Yes,yes,3,226.7
531,Antigua,desuckering,yes,Yes,yes,3,41.7
532,Antigua,,no,Yes,yes,4,171.1
533,Antigua,,no,Yes,yes,3,308.3
534,Antigua,topping,yes,No,yes,3,222.2
535,Antigua,,no,Yes,yes,3,260.1
536,Antigua,topping,yes,Yes,yes,4,286.7
537,Antigua,desuckering,yes,Yes,yes,2,146.7
538,Antigua,branch_removal desuckering,no,Yes,yes,2,16.7
539,Antigua,branch_removal desuckering topping,yes,Yes,no,5,236
540,Antigua,desuckering,no,Yes,yes,4,295.8
541,Antigua,,yes,Yes,yes,3,93.3
542,Antigua,,yes,Yes,yes,3,162.7
543,Antigua,desuckering,yes,No,yes,2,128.6
544,Antigua,,no,Yes,yes,2,66.7
545,Antigua,,no,No,yes,2,55.2
546,Antigua,,dont_know,Yes,yes,3,106.7
547,Antigua,,yes,Yes,yes,3,91.2
548,Antigua,topping,yes,Yes,yes,3,293.3
549,Antigua,,no,Yes,yes,3,33.3
550,Antigua,branch_removal desuckering topping,yes,Yes,yes,2,326.7
551,Antigua,,no,Yes,yes,2,126.7
552,Antigua,,yes,Yes,yes,5,105.6
553,Antigua,branch_removal desuckering topping,yes,Yes,yes,3,122.2
554,Antigua,branch_removal desuckering,yes,Yes,yes,3,1190
555,Antigua,,yes,Yes,yes,3,316.7
556,Antigua,branch_removal desuckering topping,yes,Yes,yes,3,83.3
557,Antigua,branch_removal desuckering,no,Yes,yes,5,28.7
558,Antigua,branch_removal desuckering,no,Yes,yes,4,85
559,Antigua,,yes,Yes,yes,3,62.5
560,Antigua,,no,Yes,yes,3,466.7
561,Antigua,branch_removal desuckering,yes,Yes,yes,2,224.4
562,Antigua,topping,no,Yes,yes,2,166.7
563,Antigua,topping,no,Yes,yes,3,66.7
564,Antigua,topping,no,Yes,yes,3,186.7
565,Antigua,,no,Yes,yes,3,20.8
566,Antigua,,no,Yes,yes,3,104.7
567,Antigua,,no,Yes,yes,3,144.4
568,Antigua,,no,Yes,yes,3,611.1
569,Antigua,,no,Yes,yes,3,66.7
570,Antigua,,no,Yes,yes,2,165
571,Antigua,,no,Yes,yes,2,78.6
572,Antigua,,no,Yes,yes,3,115.7
573,Antigua,,no,Yes,yes,4,138.9
574,Antigua,,no,Yes,yes,2,611.1
575,Antigua,,no,Yes,yes,3,156
576,Antigua,,no,Yes,yes,2,25
577,Antigua,,no,Yes,yes,3,72.2
578,Antigua,,no,Yes,yes,4,66.7
579,Antigua,,no,Yes,yes,3,466.7
580,Antigua,,no,Yes,yes,2,371.4
581,Antigua,desuckering topping,no,Yes,yes,2,61.1
582,Antigua,,no,Yes,yes,3,25
583,Antigua,,no,Yes,yes,2,66.7
584,Antigua,,yes,Yes,yes,2,156.7
585,Antigua,,no,Yes,yes,3,66.7
586,Antigua,,no,Yes,yes,3,112
587,Antigua,,no,Yes,yes,3,22.2
588,Antigua,,no,Yes,yes,2,16.7
589,Antigua,branch_removal desuckering,no,Yes,yes,3,295
590,Antigua,topping,no,Yes,yes,2,83.3
591,Antigua,topping,no,Yes,no,3,150
592,Antigua,topping,no,Yes,yes,4,73.3
593,Antigua,desuckering topping,no,Yes,yes,3,20.8
594,Antigua,branch_removal desuckering topping,no,Yes,yes,3,66.7
595,Antigua,,no,Yes,yes,3,1500
596,Antigua,,no,Yes,yes,2,50
597,Antigua,,no,Yes,yes,2,27.8
598,Antigua,topping,no,Yes,yes,2,150
599,Antigua,,no,Yes,yes,3,31.1
600,Antigua,topping,no,Yes,yes,3,104.2
601,Antigua,,no,Yes,yes,3,86.7
602,Antigua,topping,no,Yes,yes,3,81.7
603,Antigua,topping,no,Yes,yes,3,750
604,Antigua,,no,Yes,yes,3,41.7
605,Antigua,topping,no,Yes,yes,3,76.7
606,Antigua,,no,Yes,yes,4,27.5
607,Antigua,,no,Yes,yes,2,266.7
608,Antigua,,no,Yes,yes,3,333.3
609,Antigua,,no,Yes,yes,3,137.5
610,Antigua,,no,Yes,yes,3,229.2
611,Antigua,,no,Yes,yes,2,266.7
612,Antigua,,no,Yes,yes,3,120
613,Antigua,,yes,Yes,yes,2,366.7
614,Antigua,branch_removal desuckering,no,Yes,yes,2,41.7
615,Antigua,,no,Yes,yes,3,104.2
616,Antigua,,no,Yes,yes,2,73.3
617,Antigua,,no,Yes,yes,3,68.8
618,Antigua,,yes,Yes,yes,4,
619,Antigua,,yes,Yes,yes,2,200
620,Antigua,,no,Yes,yes,3,45
621,Antigua,,no,Yes,yes,3,66.7
622,Antigua,,no,Yes,yes,2,50
623,Antigua,,no,Yes,yes,3,83.3
624,Antigua,desuckering topping,no,Yes,yes,3,65.8
625,Antigua,,no,Yes,yes,3,70.2
626,Antigua,,no,Yes,yes,2,17.2
627,Antigua,selective_pruning,no,Yes,yes,2,116.7
628,Antigua,branch_removal desuckering,no,Yes,yes,3,564.8
629,Antigua,,no,Yes,yes,2,166.7
630,Antigua,topping,no,Yes,no,3,333.3
631,Antigua,desuckering topping,no,Yes,yes,3,76.7
632,Antigua,,no,Yes,yes,3,93.3
633,Antigua,,yes,Yes,yes,3,77.4
634,Antigua,,no,Yes,yes,3,45.2
635,Antigua,topping,no,Yes,yes,3,116.7
636,Antigua,branch_removal desuckering,no,Yes,yes,2,38.9
637,Antigua,topping,no,Yes,no,2,373.3
638,Antigua,,yes,Yes,yes,3,245.6
639,Antigua,,no,Yes,yes,2,81.7
640,Antigua,,no,Yes,yes,3,29.6
641,Antigua,,no,Yes,yes,3,73.3
642,Antigua,topping,no,Yes,yes,3,83.3
643,Antigua,topping,no,Yes,yes,3,83.3
644,Antigua,,no,Yes,yes,3,240
645,Antigua,,no,Yes,yes,2,13.3
646,Antigua,,yes,Yes,yes,3,40
647,Antigua,,no,Yes,yes,3,16.7
648,Antigua,topping,no,Yes,yes,3,166.7
649,Antigua,topping,no,Yes,yes,3,10.7
650,Antigua,,no,Yes,yes,3,60
651,Antigua,,no,Yes,yes,3,666.7
652,Antigua,,no,Yes,yes,3,93.3
653,Antigua,,no,Yes,yes,3,175
654,Antigua,branch_removal desuckering,no,Yes,yes,3,120.4
655,Antigua,,yes,Yes,yes,3,231.5
656,Antigua,,no,Yes,no,2,360
657,Antigua,,no,Yes,no,3,93.3
658,Antigua,topping,no,Yes,no,4,1500
659,Antigua,,no,Yes,yes,3,76.7
660,Antigua,,no,Yes,yes,2,64.1
661,Antigua,,no,Yes,no,3,306.7
662,Antigua,,no,Yes,yes,2,270
663,Antigua,,no,Yes,yes,2,211.1
664,Antigua,,no,Yes,yes,2,123.3
665,Antigua,,no,Yes,yes,3,29.2
666,Antigua,topping,no,Yes,no,3,413.3
667,Antigua,topping,no,Yes,yes,3,316.7
668,Antigua,branch_removal desuckering,no,Yes,yes,3,42.9
669,Antigua,topping,no,Yes,no,3,373.3
670,Antigua,,no,Yes,yes,3,72.2
671,Antigua,,no,Yes,yes,4,466.7
672,Antigua,,no,Yes,no,4,100
673,Antigua,,no,Yes,yes,3,416.7
674,Antigua,,yes,Yes,yes,3,62.5
675,Antigua,desuckering topping,no,Yes,yes,3,68.9
676,Antigua,topping,no,Yes,no,2,186.7
677,Antigua,,no,Yes,yes,2,166.7
678,Antigua,,no,Yes,yes,4,46.7
679,Antigua,topping,no,Yes,no,3,240
680,Antigua,,no,Yes,yes,2,83.3
681,Antigua,topping,no,Yes,no,3,166.7
682,Antigua,,no,Yes,no,3,413.3
683,Antigua,,no,Yes,no,3,103.3
684,Antigua,branch_removal desuckering,no,Yes,yes,2,
685,Antigua,topping,no,Yes,no,3,93.3
686,Cob�n,,no,Yes,yes,5,1022.2
687,Cob�n,,no,Yes,yes,4,133.3
688,Cob�n,,no,No,yes,4,466.7
689,Cob�n,,no,Yes,yes,3,200
690,Cob�n,branch_removal desuckering topping,no,Yes,yes,3,233.3
691,Cob�n,branch_removal desuckering topping,no,Yes,yes,3,86.7
692,Cob�n,,no,Yes,yes,5,
693,Cob�n,branch_removal desuckering topping skeletal,no,Yes,yes,2,45.8
694,Cob�n,,no,No,yes,2,266.7
695,Cob�n,branch_removal desuckering,no,Yes,yes,3,66.7
696,Cob�n,,no,Yes,yes,4,400
697,Cob�n,branch_removal desuckering topping skeletal,no,Yes,yes,3,30
698,Cob�n,,no,Yes,yes,6,300
699,Cob�n,branch_removal desuckering topping,no,Yes,yes,3,444.4
700,Cob�n,branch_removal desuckering skeletal,no,Yes,yes,2,39.6
701,Cob�n,,no,Yes,yes,5,1022.2
702,Cob�n,branch_removal desuckering topping skeletal,no,Yes,yes,2,33.3
703,Cob�n,branch_removal desuckering topping skeletal,no,Yes,yes,3,140
704,Cob�n,branch_removal desuckering,no,Yes,no,3,80
705,Cob�n,,no,Yes,yes,2,80
706,Cob�n,,no,Yes,no,3,160
707,Cob�n,branch_removal desuckering topping skeletal,no,Yes,yes,3,113.9
708,Cob�n,branch_removal desuckering topping skeletal,no,Yes,yes,3,116.7
709,Cob�n,,no,No,yes,3,93.3
710,Cob�n,,no,Yes,yes,3,613.3
711,Cob�n,branch_removal desuckering topping skeletal,no,Yes,yes,3,58.3
712,Cob�n,branch_removal,no,No,yes,3,355.6
713,Cob�n,branch_removal desuckering,no,Yes,yes,3,266.7
714,Cob�n,,no,No,yes,3,106.7
715,Cob�n,branch_removal desuckering,no,Yes,yes,3,208.3
716,Cob�n,branch_removal,no,Yes,yes,4,549.4
717,Cob�n,branch_removal desuckering topping,yes,Yes,yes,3,83.3
718,Cob�n,,no,Yes,yes,4,400
719,Cob�n,branch_removal desuckering,no,Yes,no,3,166.7
720,Cob�n,branch_removal desuckering topping,no,Yes,yes,3,266.7
721,Cob�n,,no,No,no,4,33.3
722,Cob�n,,no,Yes,yes,5,600
723,Cob�n,branch_removal desuckering topping skeletal,no,Yes,yes,3,28.3
724,Cob�n,branch_removal desuckering topping,no,Yes,yes,3,166.7
725,Cob�n,,no,Yes,yes,6,333.3
726,Cob�n,branch_removal desuckering,no,Yes,yes,3,133.3
727,Cob�n,desuckering,no,Yes,yes,5,401.3
728,Cob�n,,no,No,yes,2,186.7
729,Cob�n,branch_removal desuckering,no,Yes,no,4,133.3
730,Cob�n,branch_removal desuckering topping skeletal,no,Yes,yes,3,86.7
731,Cob�n,topping,yes,Yes,yes,2,416.7
732,Cob�n,branch_removal desuckering topping skeletal,no,Yes,yes,3,716.7
733,Cob�n,,no,Yes,yes,3,20
734,Cob�n,,no,No,yes,3,320
735,Cob�n,branch_removal desuckering,no,Yes,yes,4,307
736,Cob�n,,no,Yes,yes,3,40
737,Cob�n,branch_removal,no,No,yes,3,100
738,Cob�n,,no,Yes,yes,4,80
739,Cob�n,,no,Yes,yes,5,416.7
740,Cob�n,branch_removal desuckering,no,Yes,yes,3,125
741,Cob�n,branch_removal desuckering skeletal,no,Yes,yes,2,103.3
742,Cob�n,branch_removal desuckering,no,No,yes,4,66.7
743,Cob�n,,no,Yes,no,4,106.7
744,Cob�n,,no,Yes,yes,3,400
745,Cob�n,,no,No,yes,3,60
746,Cob�n,branch_removal desuckering,no,Yes,yes,3,455.1
747,Cob�n,branch_removal desuckering,no,Yes,yes,3,333.3
748,Cob�n,,no,Yes,yes,4,1133.3
749,Cob�n,,no,Yes,yes,5,960
750,Cob�n,,no,No,no,3,48
751,Cob�n,,no,Yes,yes,5,108
752,Cob�n,,no,No,no,1,68.3
753,Cob�n,,no,Yes,yes,3,36.7
754,Cob�n,,no,No,yes,3,13.3
755,Cob�n,branch_removal desuckering topping skeletal,no,Yes,yes,2,98
756,Cob�n,,no,Yes,yes,3,53.3
757,Cob�n,,no,No,yes,3,66.7
758,Cob�n,branch_removal topping,no,No,yes,3,383.3
759,Cob�n,,no,No,no,5,666.7
760,Cob�n,,no,Yes,yes,4,16.7
761,Cob�n,,no,Yes,yes,6,71.6
762,Cob�n,branch_removal desuckering topping,no,Yes,yes,3,400
763,Cob�n,branch_removal desuckering,no,Yes,yes,3,155.6
764,Cob�n,branch_removal desuckering topping,yes,Yes,yes,3,377.8
765,Cob�n,topping,no,Yes,yes,5,320
766,Cob�n,branch_removal topping,no,Yes,yes,4,41.7
767,Cob�n,,no,Yes,yes,5,106.7
768,Cob�n,branch_removal desuckering,no,Yes,yes,4,33.3
769,Cob�n,branch_removal desuckering topping skeletal,no,Yes,yes,2,41.7
770,Cob�n,branch_removal desuckering,no,Yes,yes,3,231.1
771,Cob�n,,no,No,yes,4,266.7
772,Cob�n,branch_removal desuckering skeletal,no,Yes,yes,3,136.7
773,Cob�n,,no,Yes,yes,4,758.3
774,Cob�n,,no,No,yes,3,320
775,Cob�n,,no,No,yes,3,46.7
776,Cob�n,,no,Yes,yes,4,496
777,Cob�n,topping,no,Yes,yes,3,567.1
778,Cob�n,,no,Yes,yes,4,173.3
779,Cob�n,branch_removal desuckering,no,Yes,yes,3,200
780,Cob�n,branch_removal desuckering topping,yes,Yes,yes,4,511.1
781,Cob�n,branch_removal desuckering,no,Yes,yes,3,66.7
782,Cob�n,,no,Yes,no,4,266.7
783,Cob�n,,no,Yes,yes,4,120
784,Cob�n,,no,Yes,yes,4,135.1
785,Cob�n,branch_removal desuckering topping skeletal,no,Yes,yes,2,36.4
786,Cob�n,,no,No,yes,3,1000
787,Cob�n,branch_removal desuckering topping skeletal,no,Yes,yes,3,43.3
788,Cob�n,branch_removal desuckering topping skeletal,no,Yes,yes,3,100
789,Cob�n,branch_removal desuckering,yes,Yes,yes,3,366.7
790,Cob�n,,no,No,yes,4,616.7
791,Cob�n,,no,No,yes,3,100
792,Cob�n,,no,No,yes,3,224
793,Cob�n,branch_removal desuckering topping selective_pruning skeletal,no,Yes,yes,3,133.3
794,Cob�n,,no,Yes,yes,4,586.7
795,Cob�n,,no,Yes,yes,5,466.7
796,Cob�n,branch_removal desuckering,no,Yes,yes,3,166.7
797,Cob�n,,no,Yes,yes,4,266.7
798,Cob�n,branch_removal desuckering,no,Yes,yes,3,166.7
799,Cob�n,,no,Yes,yes,4,120
800,Cob�n,branch_removal desuckering,no,Yes,yes,3,266.7
801,Cob�n,branch_removal desuckering,no,Yes,yes,3,208.3
802,Cob�n,,no,Yes,yes,1,91.7
803,Cob�n,branch_removal desuckering topping,yes,Yes,yes,4,594.4
804,Cob�n,desuckering,no,Yes,yes,3,200
805,Cob�n,branch_removal desuckering topping skeletal,no,Yes,yes,2,433.3
806,Cob�n,,no,Yes,yes,3,66.7
807,Cob�n,branch_removal desuckering,no,Yes,yes,1,583.3
808,Cob�n,branch_removal desuckering topping skeletal,no,Yes,yes,2,483.3
809,Cob�n,,no,Yes,yes,4,366.7
810,Cob�n,desuckering,no,Yes,yes,4,413.3
811,Cob�n,,no,Yes,yes,3,66.7
812,Cob�n,,no,Yes,yes,4,333.3
813,Cob�n,,no,Yes,yes,3,310
814,Cob�n,branch_removal desuckering,no,Yes,no,3,246.7
815,Cob�n,,no,Yes,yes,5,357.3
816,Cob�n,branch_removal desuckering,yes,Yes,yes,3,433.3
817,Cob�n,branch_removal desuckering,no,Yes,yes,3,125
818,Cob�n,,no,Yes,yes,4,26.7
819,Cob�n,branch_removal desuckering,no,Yes,yes,4,233.3
820,Cob�n,branch_removal desuckering,no,Yes,yes,3,177.8
821,Cob�n,branch_removal desuckering skeletal,no,Yes,yes,3,2259
822,Cob�n,desuckering topping,no,Yes,yes,3,458.3
823,Cob�n,,no,Yes,yes,3,66.7
824,Cob�n,branch_removal desuckering,no,Yes,yes,2,320
825,Cob�n,branch_removal desuckering,no,Yes,yes,3,266.7
826,Cob�n,branch_removal desuckering,no,Yes,yes,3,416.7
827,Cob�n,,no,Yes,yes,2,134.3
828,Cob�n,branch_removal desuckering,no,Yes,yes,4,78.9
829,Cob�n,branch_removal desuckering,no,Yes,yes,3,166.7
830,Cob�n,branch_removal,no,Yes,yes,1,66.7
831,Cob�n,branch_removal,no,Yes,yes,3,340
832,Cob�n,branch_removal desuckering,no,Yes,yes,3,216.7
833,Cob�n,,no,Yes,yes,3,66.7
834,Cob�n,branch_removal desuckering,no,Yes,yes,4,444.4
835,Cob�n,,no,Yes,yes,3,34.7
836,Cob�n,branch_removal desuckering topping,no,Yes,yes,4,425
837,Cob�n,,no,Yes,no,3,
838,Cob�n,branch_removal topping skeletal,no,Yes,yes,2,3944.4
839,Cob�n,branch_removal desuckering,no,Yes,yes,2,952.4
840,Cob�n,,no,Yes,yes,3,53.3
841,Cob�n,,no,No,yes,4,50
842,Cob�n,,no,Yes,yes,4,126.7
843,Cob�n,branch_removal desuckering,yes,Yes,yes,3,500
844,Cob�n,,no,Yes,yes,3,381
845,Cob�n,branch_removal desuckering,no,Yes,yes,3,83.3
846,Cob�n,branch_removal desuckering,no,Yes,yes,4,31.1
847,Cob�n,,no,Yes,yes,3,302.8
848,Cob�n,branch_removal desuckering,no,Yes,yes,3,250
849,Cob�n,,no,Yes,yes,3,101.3
850,Cob�n,,no,Yes,yes,3,66.7
851,Cob�n,branch_removal desuckering,no,Yes,yes,3,208.3
852,Cob�n,branch_removal desuckering,no,Yes,yes,2,511.1
853,Cob�n,,no,Yes,yes,4,326.7
854,Cob�n,branch_removal desuckering,yes,Yes,yes,3,133.3
855,Cob�n,branch_removal desuckering,no,Yes,no,3,133.3
856,Cob�n,,no,Yes,yes,3,46.7
857,Cob�n,,no,No,yes,0,
858,Cob�n,,no,Yes,yes,2,250
859,Cob�n,,no,No,yes,3,233.3
860,Cob�n,,no,No,yes,2,666.7
861,Cob�n,,no,Yes,yes,3,165
862,Cob�n,,no,Yes,yes,4,74.3
863,Cob�n,,no,Yes,yes,4,160
864,Cob�n,desuckering,no,Yes,yes,1,333.3
865,Cob�n,,no,No,yes,4,36.7
866,Cob�n,,no,Yes,yes,3,40
867,Cob�n,branch_removal desuckering,no,Yes,yes,2,1458.3
868,Cob�n,,no,Yes,no,3,66.7
869,Cob�n,,no,No,yes,3,800
870,Cob�n,,no,Yes,yes,4,300
871,Cob�n,,no,Yes,yes,4,204
872,Cob�n,,no,Yes,yes,3,100
873,Cob�n,,no,No,yes,4,516.7
874,Cob�n,,no,No,yes,3,152
875,Cob�n,branch_removal desuckering,no,Yes,yes,2,560
876,Cob�n,branch_removal desuckering,no,Yes,yes,2,288.9
877,Cob�n,,no,Yes,yes,2,625
878,Cob�n,,no,No,yes,3,73.3
879,Cob�n,,no,Yes,yes,4,379.2
880,Cob�n,branch_removal desuckering topping,no,Yes,yes,3,244.4
881,Cob�n,branch_removal,no,Yes,yes,3,166.7
882,Cob�n,,no,Yes,yes,3,
883,Cob�n,branch_removal desuckering topping,no,Yes,yes,3,500
884,Cob�n,,yes,Yes,yes,2,333.3
885,Cob�n,,no,Yes,yes,4,33.3
886,Cob�n,,no,Yes,yes,4,300
887,Cob�n,,no,Yes,yes,3,106.7
888,Cob�n,,no,Yes,no,4,33.3
889,Cob�n,,no,Yes,yes,3,153.3
890,Cob�n,,no,Yes,yes,3,8.3
891,Cob�n,,no,Yes,yes,3,61.3
892,Cob�n,branch_removal desuckering,no,Yes,yes,2,1545.7
893,Cob�n,branch_removal desuckering topping skeletal,no,Yes,yes,2,616.7
894,Cob�n,,no,Yes,yes,3,175
895,Cob�n,,no,Yes,yes,2,183.3
896,Cob�n,branch_removal desuckering,no,Yes,yes,3,100
897,Cob�n,,no,Yes,yes,4,1066.7
898,Cob�n,branch_removal desuckering,no,Yes,yes,2,533.3
899,Cob�n,,no,No,yes,3,
900,Cob�n,desuckering,no,Yes,yes,2,291.7
901,Cob�n,branch_removal desuckering,no,Yes,yes,3,166.7
902,Cob�n,,no,No,yes,2,66.7
903,Cob�n,,no,Yes,yes,2,356.7
904,Cob�n,branch_removal desuckering topping skeletal,no,Yes,yes,1,1000
905,Cob�n,,no,Yes,yes,2,26.7
906,Cob�n,branch_removal desuckering,no,Yes,yes,4,722.2
907,Cob�n,,no,No,yes,3,244
908,Cob�n,,no,Yes,yes,3,66.7
909,Cob�n,,no,Yes,yes,4,200
910,Cob�n,,no,Yes,yes,3,40
911,Cob�n,,no,No,no,3,200
912,Cob�n,,no,No,yes,4,66.7
913,Cob�n,,no,Yes,yes,5,48
914,Cob�n,branch_removal desuckering topping skeletal,no,Yes,yes,2,878.5
915,Cob�n,,no,Yes,yes,3,433.3
916,Cob�n,branch_removal desuckering topping skeletal,no,Yes,yes,2,1777.8
917,Cob�n,branch_removal desuckering topping,no,Yes,yes,4,100
918,Cob�n,,no,No,yes,3,66.7
919,Cob�n,,no,Yes,yes,4,83.3
920,Cob�n,,no,Yes,yes,4,792
921,Cob�n,,no,No,yes,4,200
922,Cob�n,,no,Yes,yes,5,1058.2
923,Cob�n,,no,Yes,yes,4,50.3
924,Cob�n,branch_removal desuckering,no,Yes,no,3,400
925,Cob�n,branch_removal desuckering topping skeletal,no,Yes,yes,2,1317
926,Cob�n,branch_removal desuckering topping skeletal,no,Yes,yes,3,60.1
927,Cob�n,,no,Yes,yes,3,13.3
928,Cob�n,branch_removal,no,Yes,yes,1,611.1
929,Cob�n,desuckering,no,Yes,yes,4,389.3
930,Cob�n,,no,Yes,yes,3,100
931,Cob�n,branch_removal desuckering topping,yes,Yes,yes,3,366.7
932,Cob�n,,no,No,yes,3,53.3
933,Cob�n,desuckering,dont_know,Yes,yes,2,666.7
934,Cob�n,,no,Yes,yes,3,46.7
935,Cob�n,,no,Yes,yes,3,75
936,Cob�n,,no,Yes,yes,1,733.3
937,Cob�n,,no,Yes,yes,3,58.8
938,Cob�n,branch_removal desuckering topping skeletal,no,Yes,yes,2,255.6
939,Cob�n,branch_removal desuckering selective_pruning skeletal,no,Yes,yes,5,954.2
940,Cob�n,,no,Yes,yes,6,26.7
941,Cob�n,,no,No,no,3,100
942,Cob�n,,no,Yes,yes,4,94.2
943,Cob�n,branch_removal desuckering,no,Yes,yes,3,333.3
944,Cob�n,,no,Yes,yes,3,44
945,Cob�n,branch_removal desuckering,no,Yes,yes,1,625
946,Cob�n,,no,No,yes,3,88.9
947,Cob�n,,no,Yes,yes,2,405.4
948,Cob�n,,no,Yes,yes,3,200
949,Cob�n,branch_removal desuckering topping selective_pruning,no,Yes,yes,4,483.3
950,Cob�n,,no,No,yes,4,125
951,Cob�n,desuckering,no,Yes,yes,4,285.3
952,Cob�n,,no,Yes,no,3,66.7
953,Cob�n,branch_removal desuckering,no,Yes,yes,4,166.7
954,Cob�n,branch_removal desuckering,no,Yes,no,3,516.7
955,Cob�n,,no,Yes,yes,3,125
956,Cob�n,,no,Yes,yes,3,88.9
957,Cob�n,branch_removal desuckering,no,Yes,yes,2,241.7
958,Cob�n,branch_removal desuckering topping skeletal,no,Yes,yes,2,327.8
959,Cob�n,,no,No,yes,4,450
960,Cob�n,,no,No,yes,3,41.7
961,Cob�n,branch_removal desuckering,no,Yes,yes,3,400
962,Cob�n,,yes,Yes,yes,4,606.1
963,Cob�n,branch_removal desuckering selective_pruning,no,Yes,yes,3,534.2
964,Cob�n,branch_removal desuckering selective_pruning,no,Yes,yes,3,160
965,Cob�n,branch_removal topping selective_pruning,no,Yes,yes,4,111.1
966,Cob�n,,no,Yes,yes,3,229.2
967,Cob�n,branch_removal desuckering topping,yes,Yes,yes,4,398.7
968,Cob�n,branch_removal desuckering selective_pruning skeletal grafting,no,Yes,yes,4,229.3
969,Cob�n,branch_removal desuckering selective_pruning,no,Yes,yes,5,388.8
970,Cob�n,branch_removal desuckering selective_pruning,no,Yes,yes,4,693.3
971,Cob�n,branch_removal desuckering selective_pruning skeletal,no,Yes,yes,2,333.3
972,Cob�n,branch_removal desuckering selective_pruning,no,Yes,yes,4,453.3
973,Cob�n,branch_removal desuckering,no,Yes,yes,4,268
974,Cob�n,branch_removal selective_pruning,no,Yes,yes,4,50
975,Cob�n,branch_removal desuckering selective_pruning,no,Yes,yes,4,366.7
976,Cob�n,,no,Yes,yes,4,51.3
977,Cob�n,branch_removal desuckering selective_pruning,no,Yes,yes,4,533.3
978,Cob�n,,no,Yes,yes,5,106.7
979,Cob�n,desuckering selective_pruning skeletal,no,Yes,yes,3,750
980,Cob�n,branch_removal desuckering skeletal,no,Yes,yes,3,200
981,Cob�n,branch_removal desuckering selective_pruning,no,Yes,yes,3,20
982,Cob�n,,yes,Yes,yes,2,33.3
983,Cob�n,,no,Yes,yes,2,297.6
984,Cob�n,branch_removal desuckering selective_pruning,no,No,yes,3,111.1
985,Cob�n,branch_removal selective_pruning,no,Yes,yes,3,300
986,Cob�n,branch_removal selective_pruning,no,Yes,yes,4,33.3
987,Cob�n,,yes,Yes,yes,2,311.1
988,Cob�n,,no,Yes,yes,4,18.3
989,Cob�n,branch_removal,no,No,yes,1,266.7
990,Cob�n,,no,Yes,yes,4,128.2
991,Cob�n,,no,Yes,yes,4,222.2
992,Cob�n,,no,Yes,yes,4,180.4
993,Cob�n,branch_removal desuckering selective_pruning,no,Yes,yes,3,533.3
994,Cob�n,branch_removal desuckering selective_pruning,no,Yes,yes,4,256
995,Cob�n,branch_removal desuckering selective_pruning,no,Yes,yes,3,155.6
996,Cob�n,,no,Yes,yes,3,20
997,Cob�n,,no,Yes,yes,4,30
998,Cob�n,,no,Yes,yes,4,100
999,Cob�n,branch_removal desuckering selective_pruning,no,Yes,yes,2,533.3
1000,Cob�n,branch_removal desuckering selective_pruning,no,Yes,yes,2,533.3
1001,Cob�n,branch_removal desuckering,no,Yes,yes,3,116.7
1002,Cob�n,branch_removal desuckering selective_pruning,no,Yes,yes,4,395
1003,Cob�n,branch_removal desuckering selective_pruning,no,Yes,yes,4,908.1
1004,Cob�n,,yes,Yes,yes,4,316.7
1005,Cob�n,branch_removal desuckering topping,no,Yes,yes,3,183.3
1006,Cob�n,branch_removal desuckering,yes,Yes,yes,4,428.6
1007,Cob�n,,no,Yes,yes,4,399.4
1008,Cob�n,,no,Yes,yes,3,161.8
1009,Cob�n,,no,Yes,yes,2,41.7
1010,Cob�n,branch_removal desuckering,no,Yes,yes,1,40.5
1011,Cob�n,,yes,Yes,yes,4,133.3
1012,Cob�n,,yes,Yes,yes,5,
1013,Cob�n,,no,No,yes,5,212
1014,Cob�n,branch_removal topping selective_pruning,no,Yes,yes,3,62
1015,Cob�n,branch_removal selective_pruning,no,Yes,yes,4,166.7
1016,Cob�n,,yes,Yes,yes,4,168.7
1017,Cob�n,branch_removal desuckering selective_pruning,no,Yes,yes,3,666.7
1018,Cob�n,,yes,Yes,yes,4,533.3
1019,Cob�n,branch_removal topping selective_pruning,no,Yes,yes,3,166.7
1020,Cob�n,,no,Yes,yes,4,17.3
1021,Cob�n,,yes,Yes,yes,4,166.7
1022,Cob�n,branch_removal desuckering selective_pruning,no,Yes,yes,5,1066.7
1023,Cob�n,,no,Yes,yes,5,426.7
1024,Cob�n,branch_removal desuckering selective_pruning,no,Yes,yes,4,733.3
1025,Cob�n,,yes,Yes,yes,4,226.7
1026,Cob�n,branch_removal desuckering selective_pruning,no,Yes,yes,2,560
1027,Cob�n,branch_removal desuckering selective_pruning skeletal,yes,Yes,yes,3,111.1
1028,Cob�n,,no,Yes,yes,4,93.3
1029,Cob�n,branch_removal desuckering selective_pruning skeletal,no,Yes,yes,2,100
1030,Cob�n,,no,Yes,yes,4,33.3
1031,Cob�n,branch_removal desuckering selective_pruning,no,Yes,yes,3,166.7
1032,Cob�n,topping,yes,Yes,yes,4,128
1033,Cob�n,,yes,Yes,yes,4,426
1034,Cob�n,branch_removal topping selective_pruning,no,Yes,yes,3,66.7
1035,Cob�n,branch_removal desuckering topping,no,Yes,yes,4,211.1
1036,Cob�n,branch_removal desuckering selective_pruning skeletal,no,Yes,yes,2,62.5
1037,Cob�n,branch_removal desuckering selective_pruning,no,Yes,yes,4,747.9
1038,Cob�n,branch_removal desuckering grafting,no,Yes,yes,3,125
1039,Cob�n,branch_removal topping,yes,Yes,yes,4,200
1040,Cob�n,branch_removal selective_pruning,no,Yes,yes,4,50
1041,Cob�n,,no,Yes,yes,3,62.7
1042,Cob�n,branch_removal desuckering selective_pruning,no,Yes,yes,2,600
1043,Cob�n,branch_removal desuckering selective_pruning,no,Yes,yes,2,600
1044,Cob�n,desuckering selective_pruning,no,Yes,yes,3,66.7
1045,Cob�n,branch_removal selective_pruning,no,Yes,yes,4,90
1046,Cob�n,branch_removal desuckering topping,no,Yes,yes,4,266.7
1047,Cob�n,,yes,Yes,yes,4,600
1048,Cob�n,branch_removal desuckering selective_pruning,no,Yes,yes,4,133.3
1049,Cob�n,,no,Yes,yes,6,30
1050,Cob�n,branch_removal desuckering selective_pruning,yes,Yes,no,3,18.3
1051,Cob�n,branch_removal selective_pruning,no,Yes,yes,3,46.7
1052,Cob�n,branch_removal desuckering selective_pruning,no,Yes,yes,4,80
1053,Cob�n,branch_removal desuckering selective_pruning,yes,No,yes,4,625
1054,Cob�n,,no,Yes,yes,2,15.6
1055,Cob�n,,no,Yes,yes,5,257.2
1056,Cob�n,desuckering,no,Yes,yes,3,43.3
1057,Cob�n,,no,Yes,yes,5,10.5
1058,Cob�n,,no,Yes,yes,5,26.7
1059,Cob�n,branch_removal desuckering selective_pruning,no,Yes,yes,5,426.7
1060,Cob�n,branch_removal desuckering,no,Yes,yes,3,333.3
1061,Cob�n,branch_removal desuckering,no,No,yes,3,433.3
1062,Cob�n,branch_removal desuckering selective_pruning,no,Yes,yes,3,866.7
1063,Cob�n,branch_removal desuckering,no,Yes,yes,4,1068.4
1064,Cob�n,,yes,Yes,yes,3,213.3
1065,Cob�n,branch_removal selective_pruning,no,Yes,yes,4,66.7
1066,Cob�n,,yes,Yes,yes,4,600
1067,Cob�n,branch_removal selective_pruning,no,Yes,yes,4,150
1068,Cob�n,,no,Yes,yes,3,80
1069,Cob�n,,no,Yes,no,2,18
1070,Cob�n,branch_removal desuckering selective_pruning,no,Yes,yes,4,380
1071,Cob�n,branch_removal desuckering selective_pruning,no,Yes,yes,4,340
1072,Cob�n,,yes,Yes,yes,6,358.7
1073,Cob�n,,yes,Yes,yes,4,226.7
1074,Cob�n,,no,Yes,yes,2,372.7
1075,Cob�n,,no,Yes,yes,6,26.7
1076,Cob�n,branch_removal selective_pruning,no,Yes,yes,4,70
1077,Cob�n,branch_removal desuckering selective_pruning,no,Yes,yes,3,422.2
1078,Cob�n,topping,yes,Yes,yes,2,133.3
1079,Cob�n,branch_removal,no,Yes,yes,3,155.6
1080,Cob�n,,yes,Yes,yes,4,200
1081,Cob�n,,yes,Yes,yes,5,166.7
1082,Cob�n,,no,Yes,yes,2,533.3
1083,Cob�n,branch_removal desuckering,no,Yes,yes,2,534.2
1084,Cob�n,,no,Yes,yes,3,250
1085,Cob�n,branch_removal desuckering selective_pruning,no,Yes,yes,5,666.7
1086,Cob�n,,no,Yes,yes,4,163.9
1087,Cob�n,branch_removal desuckering selective_pruning,no,Yes,yes,4,133.3
1088,Cob�n,branch_removal desuckering,no,Yes,yes,4,233.3
1089,Cob�n,branch_removal desuckering selective_pruning,no,Yes,yes,4,532.5
1090,Cob�n,,no,Yes,yes,2,47.7
1091,Cob�n,,yes,Yes,yes,4,50
1092,Cob�n,,no,Yes,yes,5,80
1093,Cob�n,,no,Yes,yes,3,375
1094,Cob�n,,yes,Yes,yes,4,133.3
1095,Cob�n,branch_removal desuckering selective_pruning,no,Yes,yes,3,473.3
1096,Cob�n,,yes,Yes,yes,3,123.3
1097,Cob�n,,no,Yes,yes,4,162.6
1098,Cob�n,,no,Yes,yes,4,909.1
1099,Cob�n,,no,Yes,yes,4,14.2
1100,Cob�n,branch_removal topping,no,Yes,yes,3,66.7
1101,Cob�n,,no,Yes,yes,3,133.3
1102,Cob�n,desuckering selective_pruning skeletal,no,Yes,yes,2,83.3
1103,Cob�n,,no,Yes,yes,5,133.3
1104,Cob�n,branch_removal desuckering selective_pruning,no,No,yes,4,800
1105,Cob�n,branch_removal desuckering topping,no,Yes,yes,4,33.3
1106,Cob�n,,no,No,yes,2,1000
1107,Cob�n,,no,Yes,yes,5,21
1108,Cob�n,,no,Yes,yes,4,66.7
1109,Cob�n,,yes,Yes,yes,5,642.4
1110,Cob�n,,no,No,yes,2,384.6
1111,Cob�n,branch_removal desuckering topping,no,Yes,yes,5,300
1112,Cob�n,,no,Yes,yes,2,58.8
1113,Cob�n,branch_removal desuckering,no,Yes,yes,4,50
1114,Cob�n,,yes,Yes,yes,2,606.1
1115,Cob�n,,no,Yes,yes,4,290.7
1116,Cob�n,,no,Yes,no,4,342.9
1117,Cob�n,,yes,Yes,yes,4,240
1118,Cob�n,,no,Yes,yes,3,33
1119,Cob�n,,no,Yes,yes,4,68.3
1120,Cob�n,,no,Yes,yes,5,102
1121,Cob�n,branch_removal desuckering topping,no,Yes,yes,3,66.7
1122,Cob�n,,yes,Yes,yes,3,694.4
1123,Cob�n,,no,No,yes,2,399.4
1124,Cob�n,branch_removal desuckering selective_pruning,no,Yes,yes,3,929.5
1125,Cob�n,branch_removal desuckering,no,Yes,yes,2,83.3
1126,Cob�n,selective_pruning,no,Yes,yes,8,333.3
1127,Cob�n,branch_removal desuckering,no,No,yes,3,520
1128,Cob�n,,yes,Yes,yes,3,1333.3
1129,Cob�n,desuckering topping selective_pruning,no,Yes,yes,4,100
1130,Cob�n,,no,Yes,yes,3,126.7
1131,Cob�n,branch_removal desuckering topping,no,Yes,yes,3,40
1132,Cob�n,,no,Yes,yes,4,100
1133,Cob�n,,no,No,yes,2,533.3
1134,Cob�n,,no,Yes,yes,2,623.7
1135,Cob�n,,no,Yes,yes,3,83.3
1136,Cob�n,,no,Yes,yes,3,200
1137,Cob�n,,yes,Yes,yes,3,100
1138,Cob�n,,no,Yes,no,2,93.8
1139,Cob�n,branch_removal desuckering skeletal,no,Yes,yes,3,69.2
1140,Cob�n,,no,Yes,yes,4,126.7
1141,Cob�n,branch_removal desuckering topping,no,Yes,yes,4,200
1142,Cob�n,,no,Yes,yes,2,261.1
1143,Cob�n,,no,Yes,yes,3,
1144,Cob�n,desuckering topping selective_pruning,no,Yes,yes,4,200
1145,Cob�n,,no,Yes,no,4,5
1146,Cob�n,,yes,Yes,yes,4,125
1147,Cob�n,desuckering,no,No,yes,2,399.4
1148,Cob�n,,no,Yes,yes,2,446.7
1149,Cob�n,branch_removal desuckering selective_pruning,no,Yes,yes,2,680
1150,Cob�n,,yes,Yes,yes,4,600
1151,Cob�n,branch_removal desuckering,no,Yes,yes,3,333.3
1152,Cob�n,,no,Yes,yes,4,600
1153,Cob�n,branch_removal desuckering topping,no,Yes,yes,4,120
1154,Cob�n,branch_removal desuckering,no,Yes,yes,4,113.3
1155,Cob�n,,no,Yes,yes,4,16
1156,Cob�n,,yes,Yes,yes,4,200
1157,Cob�n,branch_removal desuckering topping selective_pruning skeletal,yes,Yes,yes,4,86
1158,Cob�n,,no,No,yes,1,801.3
1159,Cob�n,branch_removal desuckering selective_pruning,no,Yes,yes,2,632
1160,Cob�n,branch_removal desuckering selective_pruning,no,No,yes,3,466.7
1161,Cob�n,branch_removal desuckering topping,no,Yes,yes,4,33.3
1162,Cob�n,branch_removal desuckering topping,no,Yes,yes,4,200
1163,Cob�n,branch_removal desuckering topping,no,Yes,yes,4,50
1164,Cob�n,,no,No,yes,1,1102.2
1165,Cob�n,branch_removal desuckering topping,no,Yes,yes,3,86.7
1166,Cob�n,branch_removal desuckering topping,yes,Yes,yes,4,200
1167,Cob�n,,no,Yes,yes,3,848.5
1168,Cob�n,,no,Yes,yes,2,77.9
1169,Cob�n,branch_removal,no,Yes,yes,4,
1170,Cob�n,branch_removal desuckering selective_pruning,no,Yes,yes,3,33.3
1171,Cob�n,branch_removal desuckering selective_pruning,no,Yes,yes,2,50
1172,Cob�n,,no,Yes,yes,2,333.3
1173,Cob�n,,no,Yes,yes,3,398.3
1174,Cob�n,branch_removal desuckering topping,no,Yes,yes,4,200
1175,Cob�n,branch_removal desuckering selective_pruning,no,Yes,yes,2,559.1
1176,Cob�n,branch_removal desuckering,no,Yes,yes,3,33.3
1177,Cob�n,branch_removal desuckering topping selective_pruning skeletal,yes,Yes,yes,3,58.3
1178,Cob�n,,no,Yes,yes,3,30
1179,Cob�n,,no,Yes,yes,5,25
1180,Cob�n,branch_removal desuckering,no,Yes,yes,3,80
1181,Cob�n,branch_removal desuckering,no,Yes,yes,3,66.7
1182,Cob�n,branch_removal desuckering,no,Yes,yes,3,1160
1183,Cob�n,,no,Yes,yes,3,160
1184,Cob�n,,no,Yes,yes,5,100
1185,Cob�n,,yes,Yes,yes,3,271.6
1186,Cob�n,,no,Yes,yes,4,8.8
1187,Cob�n,desuckering selective_pruning,no,Yes,yes,5,1100
1188,Cob�n,desuckering,no,No,yes,2,448.7
1189,Cob�n,,no,Yes,yes,3,34.4
1190,Cob�n,branch_removal desuckering,no,Yes,yes,5,544
1191,Cob�n,branch_removal desuckering,no,Yes,yes,4,633.3
1192,Cob�n,branch_removal desuckering selective_pruning,no,Yes,yes,4,40
1193,Cob�n,desuckering topping selective_pruning,no,Yes,yes,3,75
1194,Cob�n,,yes,Yes,yes,4,750
1195,Cob�n,,no,Yes,yes,4,38.3
1196,Cob�n,branch_removal desuckering topping,no,Yes,yes,4,100
1197,Cob�n,desuckering topping,no,Yes,yes,4,66.7
1198,Cob�n,desuckering topping selective_pruning,no,Yes,yes,4,86
1199,Cob�n,,yes,Yes,yes,4,400
1200,Cob�n,,no,Yes,yes,2,13.7
1201,Cob�n,,yes,Yes,yes,4,222.2
1202,Cob�n,,no,Yes,yes,5,33.3
1203,Cob�n,branch_removal desuckering selective_pruning,no,Yes,yes,3,1000
1204,Cob�n,branch_removal desuckering selective_pruning,no,Yes,yes,2,984
1205,Cob�n,,no,Yes,yes,3,19.2
1206,Cob�n,,no,Yes,yes,4,20.8
1207,Cob�n,,no,Yes,yes,3,246.7
1208,Cob�n,,no,Yes,yes,3,33.3
1209,Cob�n,branch_removal desuckering selective_pruning,no,Yes,yes,3,693.3
1210,Cob�n,,no,Yes,yes,4,731.7
1211,Cob�n,,yes,Yes,yes,53,400
1212,Cob�n,,no,Yes,yes,4,16.3
1213,Cob�n,,yes,Yes,yes,4,500
1214,Cob�n,,no,No,yes,2,670.9
1215,Cob�n,,no,Yes,yes,3,29.4
1216,Cob�n,desuckering topping selective_pruning,no,Yes,yes,4,72.2
1217,Cob�n,desuckering selective_pruning,no,No,yes,4,639
1218,Cob�n,branch_removal desuckering,no,Yes,yes,3,53.3
1219,Cob�n,,no,No,yes,1,961.5
1220,Cob�n,,yes,Yes,yes,4,363.6
1221,Cob�n,desuckering topping,no,Yes,yes,4,93.3
1222,Cob�n,,no,Yes,yes,2,83.3
1223,Cob�n,,no,Yes,yes,4,2400
1224,Cob�n,,no,Yes,yes,3,7.8
1225,Cob�n,branch_removal desuckering skeletal,no,Yes,yes,3,532.5
1226,Cob�n,,no,Yes,yes,4,226.3
1227,Cob�n,,no,Yes,yes,4,
1228,Cob�n,,no,No,yes,3,133.3
1229,Cob�n,branch_removal desuckering,no,Yes,no,3,1000
1230,Cob�n,branch_removal,no,Yes,yes,3,666.7
1231,Cob�n,,no,No,no,3,33.3
1232,Cob�n,branch_removal,no,No,yes,4,27.8
1233,Cob�n,,no,Yes,yes,2,480
1234,Cob�n,branch_removal,no,No,yes,2,266.7
1235,Cob�n,,no,Yes,yes,3,350
1236,Cob�n,,no,Yes,yes,3,62.2
1237,Cob�n,,no,Yes,yes,4,433.3
1238,Cob�n,,no,Yes,yes,4,133.3
1239,Cob�n,,no,Yes,no,2,266.7
1240,Cob�n,branch_removal desuckering,no,Yes,yes,4,66.7
1241,Cob�n,,no,Yes,yes,3,246.7
1242,Cob�n,branch_removal,no,Yes,yes,4,16.7
1243,Cob�n,branch_removal selective_pruning,no,Yes,yes,4,333.3
1244,Cob�n,,yes,Yes,yes,2,600
1245,Cob�n,,no,Yes,yes,3,200
1246,Cob�n,branch_removal,no,Yes,yes,3,
1247,Cob�n,,no,Yes,yes,3,41.7
1248,Cob�n,branch_removal,no,No,yes,4,16.7
1249,Cob�n,,no,Yes,yes,3,233.3
1250,Cob�n,branch_removal,no,Yes,yes,2,120
1251,Cob�n,,no,Yes,yes,3,1331.2
1252,Cob�n,,no,Yes,yes,2,558.3
1253,Cob�n,,no,Yes,yes,3,66.7
1254,Cob�n,branch_removal desuckering,no,No,yes,4,200
1255,Cob�n,,no,Yes,yes,3,
1256,Cob�n,,no,Yes,yes,3,26.7
1257,Cob�n,,no,Yes,yes,4,66.7
1258,Cob�n,branch_removal desuckering selective_pruning,yes,Yes,yes,3,100
1259,Cob�n,branch_removal,no,Yes,yes,5,16.7
1260,Cob�n,,no,No,yes,3,266.7
1261,Cob�n,,no,Yes,yes,3,1000
1262,Cob�n,,no,Yes,no,4,215.6
1263,Cob�n,branch_removal,no,Yes,yes,2,
1264,Cob�n,,no,Yes,yes,2,
1265,Cob�n,,no,Yes,yes,3,1500
1266,Cob�n,,no,Yes,yes,3,404.2
1267,Cob�n,,no,Yes,yes,4,833.3
1268,Cob�n,branch_removal desuckering,no,Yes,yes,5,93.3
1269,Cob�n,branch_removal,no,Yes,yes,4,13.3
1270,Cob�n,,no,Yes,yes,3,285.7
1271,Cob�n,,no,No,no,3,1041.7
1272,Cob�n,,no,Yes,yes,4,600
1273,Cob�n,,no,Yes,yes,3,
1274,Cob�n,,no,No,yes,2,80
1275,Cob�n,,yes,Yes,yes,4,433.3
1276,Cob�n,branch_removal desuckering,no,Yes,yes,4,83.3
1277,Cob�n,,no,Yes,yes,2,750
1278,Cob�n,,no,Yes,yes,4,666.7
1279,Cob�n,,no,Yes,yes,4,533.3
1280,Cob�n,,no,Yes,yes,4,260.4
1281,Cob�n,,no,Yes,yes,4,194.4
1282,Cob�n,branch_removal desuckering,no,No,no,3,22.7
1283,Cob�n,,no,Yes,yes,3,471.1
1284,Cob�n,branch_removal desuckering,no,Yes,yes,4,100
1285,Cob�n,branch_removal,no,Yes,yes,3,255.6
1286,Cob�n,,no,Yes,yes,4,1500
1287,Cob�n,,no,Yes,yes,4,200
1288,Cob�n,,no,Yes,yes,2,27.8
1289,Cob�n,,no,Yes,yes,3,55.6
1290,Cob�n,branch_removal,no,Yes,yes,15,46.7
1291,Cob�n,branch_removal,yes,Yes,yes,5,35.3
1292,Cob�n,,no,No,yes,2,83.3
1293,Cob�n,,no,Yes,yes,3,400
1294,Cob�n,branch_removal,no,Yes,yes,3,933.3
1295,Cob�n,,no,Yes,yes,3,1200
1296,Cob�n,,no,Yes,yes,4,450
1297,Cob�n,branch_removal,no,No,yes,4,371.8
1298,Cob�n,,no,Yes,yes,2,108
1299,Cob�n,,no,Yes,yes,2,333.3
1300,Cob�n,,no,Yes,yes,3,862.2
1301,Cob�n,,no,Yes,yes,3,33.3
1302,Cob�n,,no,No,yes,4,33.3
1303,Cob�n,branch_removal,no,Yes,yes,8,68.6
1304,Cob�n,,no,Yes,no,3,714.3
1305,Cob�n,,no,Yes,yes,7,16.7
1306,Cob�n,,no,Yes,no,3,400
1307,Cob�n,,no,Yes,yes,4,816.7
1308,Cob�n,branch_removal,no,Yes,yes,8,33.3
1309,Cob�n,branch_removal,no,No,yes,4,669.3
1310,Cob�n,,no,Yes,yes,3,600
1311,Cob�n,branch_removal desuckering,no,Yes,yes,3,666.7
1312,Cob�n,,no,No,yes,5,166.7
1313,Cob�n,,no,Yes,yes,4,798.7
1314,Cob�n,,no,Yes,no,3,426.7
1315,Cob�n,,no,Yes,yes,4,133.3
1316,Cob�n,branch_removal,no,Yes,yes,7,10
1317,Cob�n,branch_removal desuckering selective_pruning,no,No,yes,2,533.3
1318,Cob�n,branch_removal,no,Yes,yes,3,217.7
1319,Cob�n,,no,Yes,yes,4,333.3
1320,Cob�n,,no,Yes,no,4,416.7
1321,Cob�n,,no,No,yes,3,133.3
1322,Cob�n,,no,Yes,yes,3,
1323,Cob�n,branch_removal,no,Yes,yes,3,933.3
1324,Cob�n,,no,Yes,yes,4,791.7
1325,Cob�n,,no,Yes,yes,3,66.7
1326,Cob�n,,no,Yes,yes,4,93.3
1327,Cob�n,,no,Yes,no,4,120
1328,Cob�n,,no,Yes,yes,4,100
1329,Cob�n,,yes,Yes,yes,2,416.7
1330,Cob�n,,no,Yes,yes,3,66.7
1331,Cob�n,,no,Yes,yes,4,1200
1332,Cob�n,,no,No,yes,4,146.7
1333,Cob�n,branch_removal,no,Yes,yes,4,47.6
1334,Cob�n,,no,Yes,yes,2,33.3
1335,Cob�n,,no,Yes,no,3,416.7
1336,Cob�n,branch_removal,no,Yes,yes,4,400
1337,Cob�n,,no,Yes,yes,3,146.7
1338,Cob�n,,no,Yes,yes,3,13.3
1339,Cob�n,branch_removal desuckering,no,Yes,yes,8,173.3
1340,Cob�n,branch_removal selective_pruning,no,Yes,yes,3,694.4
1341,Cob�n,,no,Yes,no,3,880
1342,Cob�n,branch_removal,no,Yes,yes,3,1066.7
1343,Cob�n,branch_removal,no,Yes,yes,7,100
1344,Cob�n,,no,Yes,yes,2,800
1345,Cob�n,,no,Yes,yes,3,250
1346,Cob�n,branch_removal,no,Yes,yes,5,33.3
1347,Cob�n,branch_removal desuckering,no,No,yes,4,104.2
1348,Cob�n,branch_removal,no,No,yes,4,33.3
1349,Cob�n,branch_removal,no,Yes,yes,3,800
1350,Cob�n,,no,Yes,yes,4,
1351,Cob�n,,no,No,yes,2,333.3
1352,Cob�n,,no,Yes,yes,3,1016.7
1353,Cob�n,branch_removal desuckering,no,No,no,4,133.3
1354,Cob�n,branch_removal desuckering,no,Yes,yes,2,555.6
1355,Huehuetenango,,no,No,yes,2,515.6
1356,Huehuetenango,desuckering skeletal,no,No,no,2,352.7
1357,Huehuetenango,,no,No,no,2,334.7
1358,Huehuetenango,,no,No,yes,2,280
1359,Huehuetenango,,no,No,no,2,395.8
1360,Huehuetenango,branch_removal,no,No,no,2,520
1361,Huehuetenango,,no,No,no,2,742.9
1362,Huehuetenango,branch_removal desuckering topping,yes,Yes,no,2,500
1363,Huehuetenango,,no,No,yes,3,220
1364,Huehuetenango,,no,No,no,3,350
1365,Huehuetenango,,no,No,no,3,293.3
1366,Huehuetenango,,no,No,no,2,283.3
1367,Huehuetenango,,no,No,no,2,435.6
1368,Huehuetenango,,no,No,yes,2,966.7
1369,Huehuetenango,,no,No,yes,2,755.6
1370,Huehuetenango,,no,No,no,2,153.3
1371,Huehuetenango,,no,No,no,2,133.3
1372,Huehuetenango,,no,No,no,2,733.3
1373,Huehuetenango,,no,No,no,2,533.3
1374,Huehuetenango,,no,No,no,2,320
1375,Huehuetenango,branch_removal desuckering topping,no,Yes,no,3,453.3
1376,Huehuetenango,branch_removal desuckering,no,No,no,2,276.7
1377,Huehuetenango,,no,No,no,3,440
1378,Huehuetenango,,no,Yes,no,3,83.8
1379,Huehuetenango,,no,No,no,2,866.7
1380,Huehuetenango,,no,No,no,2,678.7
1381,Huehuetenango,,no,No,no,2,291.7
1382,Huehuetenango,,no,No,no,2,164.4
1383,Huehuetenango,,no,No,no,2,177.8
1384,Huehuetenango,desuckering skeletal,no,No,no,2,1420
1385,Huehuetenango,,no,No,no,2,266.7
1386,Huehuetenango,,no,No,no,2,1040
1387,Huehuetenango,,no,No,no,4,147.6
1388,Huehuetenango,,no,No,yes,3,373.3
1389,Huehuetenango,,yes,No,no,2,249.3
1390,Huehuetenango,,no,No,yes,2,524.4
1391,Huehuetenango,,no,No,no,3,751.6
1392,Huehuetenango,,no,No,no,2,466.7
1393,Huehuetenango,,no,No,no,2,666.7
1394,Huehuetenango,,no,No,yes,2,90.1
1395,Huehuetenango,branch_removal desuckering,yes,Yes,no,3,500
1396,Huehuetenango,,no,No,no,2,555.6
1397,Huehuetenango,,no,No,no,2,1333.3
1398,Huehuetenango,,no,No,no,2,366.7
1399,Huehuetenango,branch_removal desuckering,no,No,no,2,600
1400,Huehuetenango,,no,No,no,2,555.6
1401,Huehuetenango,branch_removal desuckering,no,No,no,3,888.9
1402,Huehuetenango,,no,No,no,2,306.7
1403,Huehuetenango,,yes,Yes,no,2,233.3
1404,Huehuetenango,,no,No,no,2,733.3
1405,Huehuetenango,,no,No,no,2,83.3
1406,Huehuetenango,,no,No,no,2,466.7
1407,Huehuetenango,,no,No,no,2,513.3
1408,Huehuetenango,,no,No,no,2,166.7
1409,Huehuetenango,,yes,No,no,2,761.9
1410,Huehuetenango,,no,No,no,2,466.7
1411,Huehuetenango,,no,No,no,2,1200
1412,Huehuetenango,desuckering skeletal,no,No,no,3,266.7
1413,Huehuetenango,,no,No,no,2,382.2
1414,Huehuetenango,,no,Yes,no,3,916.7
1415,Huehuetenango,,no,No,no,2,480
1416,Huehuetenango,,no,No,no,3,542.2
1417,Huehuetenango,,no,No,no,2,178.7
1418,Huehuetenango,,no,No,yes,2,340
1419,Huehuetenango,,no,No,yes,2,1066.7
1420,Huehuetenango,,no,No,no,2,400
1421,Huehuetenango,,no,No,no,2,466.7
1422,Huehuetenango,,no,No,no,2,902.2
1423,Huehuetenango,branch_removal desuckering topping skeletal,no,No,no,3,238.7
1424,Huehuetenango,branch_removal,no,No,no,2,433.3
1425,Huehuetenango,,no,No,no,2,813.3
1426,Huehuetenango,,no,Yes,no,2,155.6
1427,Huehuetenango,,no,No,no,3,811.1
1428,Huehuetenango,,no,No,no,2,1022.2
1429,Huehuetenango,,no,Yes,no,2,266.7
1430,Huehuetenango,,no,Yes,no,2,1000
1431,Huehuetenango,branch_removal desuckering topping,no,No,no,2,213.3
1432,Huehuetenango,,yes,No,no,2,533.3
1433,Huehuetenango,,no,No,no,2,386.7
1434,Huehuetenango,,no,No,no,3,200
1435,Huehuetenango,,no,Yes,no,2,225
1436,Huehuetenango,,no,No,no,3,1033.3
1437,Huehuetenango,,yes,No,no,2,246.7
1438,Huehuetenango,,no,Yes,no,3,260
1439,Huehuetenango,,no,No,no,2,377.8
1440,Huehuetenango,,no,No,no,2,566.7
1441,Huehuetenango,,no,No,no,2,844.4
1442,Huehuetenango,branch_removal,no,Yes,no,2,586.7
1443,Huehuetenango,,no,Yes,no,2,211.1
1444,Huehuetenango,,no,No,no,2,866.7
1445,Huehuetenango,,no,No,yes,2,833.3
1446,Huehuetenango,,yes,No,no,2,382.2
1447,Huehuetenango,,no,No,no,2,413.3
1448,Huehuetenango,,no,No,no,2,459.6
1449,Huehuetenango,,no,No,no,2,394.1
1450,Huehuetenango,,no,No,no,2,933.3
1451,Huehuetenango,,no,No,yes,1,458.7
1452,Huehuetenango,,no,No,no,2,275.6
1453,Huehuetenango,,no,No,no,2,1114.3
1454,Huehuetenango,,no,No,no,2,373.3
1455,Huehuetenango,,no,No,yes,2,666.7
1456,Huehuetenango,,no,No,no,2,366.7
1457,Huehuetenango,,no,Yes,no,2,404
1458,Huehuetenango,,no,Yes,no,2,466.7
1459,Huehuetenango,,no,No,yes,2,290.2
1460,Huehuetenango,,no,No,yes,2,288.9
1461,Huehuetenango,,no,No,no,2,560
1462,Huehuetenango,,no,No,no,2,920
1463,Huehuetenango,,no,No,no,2,460
1464,Huehuetenango,,no,No,yes,3,253.3
1465,Huehuetenango,,no,No,no,2,666.7
1466,Huehuetenango,,no,No,no,2,288.9
1467,Huehuetenango,,no,No,no,2,188.9
1468,Huehuetenango,branch_removal desuckering skeletal,no,No,no,2,533.3
1469,Huehuetenango,,no,No,no,1,168.9
1470,Huehuetenango,,no,No,no,2,651.9
1471,Huehuetenango,,no,No,no,2,266.7
1472,Huehuetenango,,no,No,yes,3,933.3
1473,Huehuetenango,,no,No,no,2,220
1474,Huehuetenango,branch_removal desuckering skeletal,no,No,no,3,400
1475,Huehuetenango,branch_removal desuckering topping,yes,No,no,2,400
1476,Huehuetenango,branch_removal desuckering topping,yes,No,no,3,600
1477,Huehuetenango,,no,No,no,2,400
1478,Huehuetenango,,no,No,yes,3,211.7
1479,Huehuetenango,,no,No,no,2,355.6
1480,Huehuetenango,,yes,Yes,no,2,211.8
1481,Huehuetenango,,no,No,yes,2,466.7
1482,Huehuetenango,branch_removal desuckering,yes,Yes,no,2,1066.7
1483,Huehuetenango,,no,No,no,2,289.5
1484,Huehuetenango,,no,No,no,2,440
1485,Huehuetenango,,no,No,no,2,777.8
1486,Huehuetenango,,no,No,no,3,888.9
1487,Huehuetenango,,no,No,yes,2,246.7
1488,Huehuetenango,,no,No,no,2,1033.3
1489,Huehuetenango,,yes,No,no,2,352
1490,Huehuetenango,,no,No,no,3,66.7
1491,Huehuetenango,,no,No,yes,2,560
1492,Huehuetenango,,no,No,no,2,480
1493,Huehuetenango,,yes,No,no,2,320
1494,Huehuetenango,,no,Yes,no,2,466.7
1495,Huehuetenango,topping,no,No,no,3,1100
1496,Huehuetenango,branch_removal desuckering,no,No,no,2,800
1497,Huehuetenango,,no,No,no,2,200
1498,Huehuetenango,,no,No,yes,2,498.7
1499,Huehuetenango,,no,Yes,yes,2,666.7
1500,Huehuetenango,,no,No,no,1,488.9
1501,Huehuetenango,,no,No,no,2,700
1502,Huehuetenango,,no,No,yes,2,60
1503,Huehuetenango,,no,No,no,2,666.7
1504,Huehuetenango,,no,No,no,3,212
1505,Huehuetenango,topping,no,No,no,2,1088.9
1506,Huehuetenango,branch_removal desuckering,yes,Yes,no,2,316.7
1507,Huehuetenango,,no,No,yes,2,491.7
1508,Huehuetenango,,no,No,no,2,733.3
1509,Huehuetenango,desuckering,no,No,no,2,216.7
1510,Huehuetenango,,no,Yes,no,2,466.7
1511,Huehuetenango,,no,No,no,2,532.9
1512,Huehuetenango,,no,No,no,1,333.3
1513,Huehuetenango,,no,No,no,2,750
1514,Huehuetenango,,no,No,no,3,600
1515,Huehuetenango,,no,No,no,2,433.3
1516,Huehuetenango,,no,No,no,3,68
1517,Huehuetenango,,no,No,no,3,983.3
1518,Huehuetenango,,no,No,no,3,746.7
1519,Huehuetenango,,no,No,no,2,333.3
1520,Huehuetenango,,no,No,no,2,600
1521,Huehuetenango,,no,No,no,1,177.8
1522,Huehuetenango,,no,No,no,1,933.3
1523,Huehuetenango,,no,No,no,2,466.7
1524,Huehuetenango,,no,No,no,1,933.3
1525,Huehuetenango,,no,No,yes,3,166.7
1526,Huehuetenango,,no,No,no,2,666.7
1527,Huehuetenango,,no,No,no,2,283.3
1528,Huehuetenango,,no,No,no,2,266.7
1529,Huehuetenango,,no,No,no,2,506.7
1530,Huehuetenango,,no,No,no,2,266.7
1531,Huehuetenango,,no,No,no,2,160.7
1532,Huehuetenango,,no,No,yes,3,626.7
1533,Huehuetenango,,yes,No,yes,3,900
1534,Huehuetenango,,no,No,yes,3,427.7
1535,Huehuetenango,,no,Yes,no,2,444.4
1536,Huehuetenango,,yes,No,no,3,2420
1537,Huehuetenango,,no,No,no,1,546.7
1538,Huehuetenango,branch_removal desuckering,yes,No,no,2,378.3
1539,Huehuetenango,,yes,No,yes,3,844.4
1540,Huehuetenango,,no,No,yes,2,333.3
1541,Huehuetenango,,no,Yes,no,3,1000
1542,Huehuetenango,,no,No,no,1,433.3
1543,Huehuetenango,,no,No,yes,3,253.3
1544,Huehuetenango,,no,No,no,3,373.3
1545,Huehuetenango,,no,No,no,3,122.7
1546,Huehuetenango,,no,No,no,2,320
1547,Huehuetenango,,no,No,no,1,488.9
1548,Huehuetenango,,no,No,no,3,573.3
1549,Huehuetenango,,no,No,no,1,266.7
1550,Huehuetenango,,no,No,yes,3,550
1551,Huehuetenango,,no,No,yes,2,460
1552,Huehuetenango,,no,No,no,1,933.3
1553,Huehuetenango,,no,No,no,1,205.3
1554,Huehuetenango,,no,No,no,2,466.7
1555,Huehuetenango,,no,No,no,3,755.6
1556,Huehuetenango,,no,No,no,2,916.7
1557,Huehuetenango,,no,No,no,2,363.1
1558,Huehuetenango,,no,No,no,2,422.2
1559,Huehuetenango,,no,No,yes,3,167.1
1560,Huehuetenango,branch_removal topping,yes,No,no,2,190.5
1561,Huehuetenango,desuckering selective_pruning,yes,Yes,no,3,1020.7
1562,Huehuetenango,,no,No,yes,2,1033.3
1563,Huehuetenango,,no,No,no,3,98.3
1564,Huehuetenango,,no,No,yes,3,136
1565,Huehuetenango,,no,No,yes,2,253.3
1566,Huehuetenango,,no,No,no,2,428.6
1567,Huehuetenango,desuckering topping,yes,No,no,3,700
1568,Huehuetenango,,no,No,no,3,744.4
1569,Huehuetenango,,no,No,no,3,590
1570,Huehuetenango,,no,No,no,2,533.3
1571,Huehuetenango,,no,No,no,2,166.7
1572,Huehuetenango,,no,No,yes,2,333.3
1573,Huehuetenango,,no,No,yes,2,166.7
1574,Huehuetenango,,no,No,no,2,200
1575,Huehuetenango,,yes,No,no,3,469.3
1576,Huehuetenango,,no,No,yes,2,577.8
1577,Huehuetenango,,no,No,no,2,520
1578,Huehuetenango,,no,Yes,no,2,488.9
1579,Huehuetenango,,no,No,no,2,266.7
1580,Huehuetenango,,no,No,yes,2,440
1581,Huehuetenango,,no,No,no,2,400
1582,Huehuetenango,,no,No,no,2,810.7
1583,Huehuetenango,,no,No,no,2,566.7
1584,Huehuetenango,,yes,No,no,2,200
1585,Huehuetenango,,no,No,no,2,203.3
1586,Huehuetenango,,yes,No,no,2,444.4
1587,Huehuetenango,,no,No,yes,2,448.9
1588,Huehuetenango,,no,No,no,3,620
1589,Huehuetenango,branch_removal desuckering,yes,No,no,3,140
1590,Huehuetenango,,no,No,no,1,66.7
1591,Huehuetenango,branch_removal desuckering,yes,No,no,2,180
1592,Huehuetenango,,no,No,yes,2,124.4
1593,Huehuetenango,,no,No,no,3,377.1
1594,Huehuetenango,,no,No,no,3,533.3
1595,Huehuetenango,,no,No,yes,2,991.1
1596,Huehuetenango,,no,No,no,2,234.7
1597,Huehuetenango,desuckering,no,Yes,no,2,207.2
1598,Huehuetenango,,no,No,no,2,1066.7
1599,Huehuetenango,,no,No,no,2,573.3
1600,Huehuetenango,,no,No,no,2,666.7
1601,Huehuetenango,,no,No,yes,2,222.2
1602,Huehuetenango,,no,No,no,2,
1603,Huehuetenango,,no,Yes,no,2,633.3
1604,Huehuetenango,,no,No,no,3,888.9
1605,Huehuetenango,,no,No,yes,2,230
1606,Huehuetenango,,no,No,no,2,185.7
1607,Huehuetenango,,no,No,no,1,450
1608,Huehuetenango,,no,No,no,1,673.3
1609,Huehuetenango,,no,No,no,2,1082.7
1610,Huehuetenango,,no,No,yes,2,320
1611,Huehuetenango,,no,Yes,no,3,426.7
1612,Huehuetenango,topping,no,No,no,2,400
1613,Huehuetenango,,no,No,no,1,266.7
1614,Huehuetenango,,no,No,no,0,566.7
1615,Huehuetenango,,no,No,no,1,133.3
1616,Huehuetenango,branch_removal topping,no,Yes,yes,3,333.3
1617,Huehuetenango,,no,No,no,2,255.6
1618,Huehuetenango,,no,No,no,0,600
1619,Huehuetenango,,no,No,yes,1,226.7
1620,Huehuetenango,,no,No,no,1,200
1621,Huehuetenango,,no,No,no,1,66.7
1622,Huehuetenango,topping,no,No,no,3,576.7
1623,Huehuetenango,,no,Yes,no,2,266.7
1624,Huehuetenango,,no,No,no,0,533.3
1625,Huehuetenango,,no,No,no,0,500
1626,Huehuetenango,,no,No,no,2,500
1627,Huehuetenango,,no,No,no,1,
1628,Huehuetenango,,no,No,yes,2,179.1
1629,Huehuetenango,,no,No,no,2,612
1630,Huehuetenango,,no,No,no,2,666.7
1631,Huehuetenango,,no,No,no,2,304
1632,Huehuetenango,,yes,No,no,2,200
1633,Huehuetenango,topping,no,No,no,2,566.7
1634,Huehuetenango,,no,Yes,no,2,600
1635,Huehuetenango,,no,No,no,0,166.7
1636,Huehuetenango,,no,No,no,2,306.7
1637,Huehuetenango,,no,No,no,2,76.7
1638,Huehuetenango,,yes,Yes,no,2,1004
1639,Huehuetenango,,no,No,no,2,113.3
1640,Huehuetenango,,no,No,no,2,921.7
1641,Huehuetenango,,no,No,no,2,168.2
1642,Huehuetenango,,no,Yes,no,2,266.7
1643,Huehuetenango,,no,No,no,2,433.3
1644,Huehuetenango,,no,Yes,no,2,220
1645,Huehuetenango,,no,No,no,0,66.7
1646,Huehuetenango,,no,No,no,2,240
1647,Huehuetenango,,no,No,no,0,466.7
1648,Huehuetenango,,no,No,yes,2,34
1649,Huehuetenango,,no,No,yes,0,500
1650,Huehuetenango,,no,No,no,2,216.7
1651,Huehuetenango,,no,No,no,0,966.7
1652,Huehuetenango,topping,no,No,yes,2,360
1653,Huehuetenango,,no,No,no,2,372.7
1654,Huehuetenango,,no,No,yes,2,33.3
1655,Huehuetenango,,no,No,no,3,313.3
1656,Huehuetenango,,no,No,no,0,377.8
1657,Huehuetenango,,no,Yes,no,1,233.3
1658,Huehuetenango,,no,Yes,no,3,600
1659,Huehuetenango,topping,no,No,yes,3,294.4
1660,Huehuetenango,,no,No,no,1,100
1661,Huehuetenango,topping,no,No,no,0,290.2
1662,Huehuetenango,topping,no,No,no,0,452.7
1663,Huehuetenango,,no,No,no,2,266.7
1664,Huehuetenango,,no,No,no,0,83.3
1665,Huehuetenango,,no,No,yes,2,146.7
1666,Huehuetenango,,no,Yes,no,2,333.3
1667,Huehuetenango,,no,No,no,1,34
1668,Huehuetenango,,no,No,yes,0,633.3
1669,Huehuetenango,,yes,No,no,2,268.9
1670,Huehuetenango,,no,No,no,1,200
1671,Huehuetenango,,no,No,yes,3,102
1672,Huehuetenango,,no,No,no,0,66.7
1673,Huehuetenango,,no,No,no,2,817.8
1674,Huehuetenango,,no,Yes,no,2,166.7
1675,Huehuetenango,,no,No,no,2,266.7
1676,Huehuetenango,,no,No,no,2,765
1677,Huehuetenango,,no,Yes,no,1,200
1678,Huehuetenango,,no,No,no,2,266.7
1679,Huehuetenango,,no,No,yes,2,333.3
1680,Huehuetenango,,no,No,no,0,514.7
1681,Huehuetenango,,no,No,no,0,83.3
1682,Huehuetenango,,no,No,no,0,566.7
1683,Huehuetenango,,no,No,no,1,466.7
1684,Huehuetenango,,no,No,no,2,286.7
1685,Huehuetenango,,no,No,yes,2,111.6
1686,Huehuetenango,,no,No,no,2,400
1687,Huehuetenango,,no,No,no,2,133.3
1688,Huehuetenango,,no,Yes,no,2,966.7
1689,Huehuetenango,,no,No,no,2,133.3
1690,Huehuetenango,,no,No,no,2,120
1691,Huehuetenango,topping,no,No,yes,2,640
1692,Huehuetenango,,no,No,no,0,600
1693,Huehuetenango,,no,No,no,0,166.7
1694,Huehuetenango,,yes,Yes,no,2,304
1695,Huehuetenango,,no,No,no,1,68
1696,Huehuetenango,,no,No,no,2,473.3
1697,Huehuetenango,,no,No,no,0,269.3
1698,Huehuetenango,desuckering,yes,No,no,2,562.2
1699,Huehuetenango,,no,No,no,3,222.2
1700,Huehuetenango,,no,No,no,2,1082.7
1701,Huehuetenango,,no,No,no,2,204.4
1702,Huehuetenango,,no,No,no,2,133.3
1703,Huehuetenango,,no,No,yes,4,100
1704,Huehuetenango,,dont_know,No,no,0,113.3
1705,Huehuetenango,,no,No,no,1,133.3
1706,Huehuetenango,,no,No,no,2,315.6
1707,Huehuetenango,,no,Yes,no,2,600
1708,Huehuetenango,,no,No,yes,0,113.3
1709,Huehuetenango,,no,Yes,no,2,134.7
1710,Huehuetenango,topping,no,No,no,2,866.7
1711,Huehuetenango,desuckering,no,No,no,2,339.3
1712,Huehuetenango,,no,No,no,1,733.3
1713,Huehuetenango,,no,Yes,no,1,466.7
1714,Huehuetenango,,no,No,no,1,183.3
1715,Huehuetenango,topping,no,No,no,3,276.1
1716,Huehuetenango,,no,No,no,2,674.7
1717,Huehuetenango,,no,No,no,0,333.3
1718,Huehuetenango,,no,Yes,no,2,400
1719,Huehuetenango,,no,No,yes,0,306.7
1720,Huehuetenango,,no,No,no,2,488.9
1721,Huehuetenango,,no,Yes,yes,2,850
1722,Huehuetenango,,no,No,yes,2,266.7
1723,Huehuetenango,,no,No,yes,2,22.7
1724,Huehuetenango,topping,no,Yes,yes,3,166.7
1725,Huehuetenango,,yes,Yes,no,3,611.1
1726,Huehuetenango,,no,No,no,2,213.3
1727,Huehuetenango,,no,No,no,2,933.3
1728,Huehuetenango,,no,No,no,1,
1729,Huehuetenango,,no,No,yes,2,
1730,Huehuetenango,,no,No,no,2,488.9
1731,Huehuetenango,,no,No,no,2,493.1
1732,Huehuetenango,,no,No,no,2,125
1733,Huehuetenango,,yes,Yes,no,2,62.4
1734,Huehuetenango,,no,No,yes,3,335
1735,Huehuetenango,,yes,No,no,1,533.3
1736,Huehuetenango,,yes,Yes,no,3,438
1737,Huehuetenango,,yes,No,no,1,741.3
1738,Huehuetenango,,no,No,no,1,201.3
1739,Huehuetenango,,no,No,no,2,333.3
1740,Huehuetenango,,no,No,no,2,711.1
1741,Huehuetenango,,no,No,no,2,261.3
1742,Huehuetenango,,no,No,no,2,400
1743,Huehuetenango,topping,no,No,no,2,444
1744,Huehuetenango,,no,No,no,2,400
1745,Huehuetenango,,yes,Yes,no,3,533.3
1746,Huehuetenango,,no,No,no,3,176.7
1747,Huehuetenango,,no,No,no,2,439.2
1748,Huehuetenango,,yes,No,yes,1,549.2
1749,Huehuetenango,,no,No,no,2,337.3
1750,Huehuetenango,,no,No,no,2,324.4
1751,Huehuetenango,,no,No,no,3,342.8
1752,Huehuetenango,branch_removal topping,yes,No,yes,2,135.1
1753,Huehuetenango,,no,No,no,2,269.3
1754,Huehuetenango,,yes,No,no,2,504.7
1755,Huehuetenango,,no,No,no,2,266.7
1756,Huehuetenango,,yes,No,no,2,
1757,Huehuetenango,,yes,No,no,2,111.1
1758,Huehuetenango,,no,No,no,2,511.1
1759,Huehuetenango,,no,No,no,1,900
1760,Huehuetenango,,yes,No,no,2,447.8
1761,Huehuetenango,,no,No,no,1,134.7
1762,Huehuetenango,topping,yes,Yes,no,3,700.7
1763,Huehuetenango,desuckering topping,no,No,no,2,337.8
1764,Huehuetenango,branch_removal topping,no,No,yes,2,592
1765,Huehuetenango,,yes,No,yes,3,1041.7
1766,Huehuetenango,,no,No,no,2,236
1767,Huehuetenango,,no,No,no,2,200
1768,Huehuetenango,,no,No,no,1,393.3
1769,Huehuetenango,,no,No,no,2,800
1770,Huehuetenango,,no,No,no,2,566.7
1771,Huehuetenango,,no,No,no,1,874.7
1772,Huehuetenango,,yes,No,no,2,216
1773,Huehuetenango,desuckering,no,No,no,2,248.8
1774,Huehuetenango,,no,No,no,2,575.2
1775,Huehuetenango,,yes,No,no,2,216.7
1776,Huehuetenango,,no,No,yes,2,766.2
1777,Huehuetenango,,no,No,yes,1,373.3
1778,Huehuetenango,topping,yes,No,no,2,506
1779,Huehuetenango,branch_removal desuckering,no,No,no,2,458.3
1780,Huehuetenango,topping,no,Yes,no,2,901.3
1781,Huehuetenango,,no,No,yes,2,669.3
1782,Huehuetenango,,no,No,no,2,655.6
1783,Huehuetenango,,no,No,no,1,488.9
1784,Huehuetenango,,no,No,no,1,89.8
1785,Huehuetenango,,no,No,no,2,436
1786,Huehuetenango,,no,No,no,2,333.3
1787,Huehuetenango,,no,No,no,3,650
1788,Huehuetenango,,no,No,no,2,117.7
1789,Huehuetenango,,no,No,no,2,188.3
1790,Huehuetenango,,no,No,no,2,67.3
1791,Huehuetenango,,no,No,no,2,433.3
1792,Huehuetenango,,yes,No,no,2,300
1793,Huehuetenango,,no,Yes,yes,2,228.3
1794,Huehuetenango,,no,No,no,3,986.7
1795,Huehuetenango,,yes,No,yes,3,138.4
1796,Huehuetenango,topping,no,No,no,2,200.7
1797,Huehuetenango,,no,No,no,2,377.8
1798,Huehuetenango,,no,Yes,yes,3,666.7
1799,Huehuetenango,,no,No,no,2,1033.3
1800,Huehuetenango,topping,yes,No,no,2,196.8
1801,Huehuetenango,,no,No,no,1,714.3
1802,Huehuetenango,,no,No,no,1,419.7
1803,Huehuetenango,,no,Yes,no,2,673.3
1804,Huehuetenango,,no,No,yes,2,83.7
1805,Huehuetenango,topping,yes,Yes,no,2,1877.3
1806,Huehuetenango,,yes,No,no,2,168.7
1807,Huehuetenango,,no,No,no,2,284
1808,Huehuetenango,,no,No,yes,2,733.3
1809,Huehuetenango,,no,No,no,2,555.6
1810,Huehuetenango,,no,Yes,no,3,413.3
1811,Huehuetenango,,yes,No,no,2,222.2
1812,Huehuetenango,,no,No,no,1,277.8
1813,Huehuetenango,,no,No,no,1,270.7
1814,Huehuetenango,,no,No,no,2,333.3
1815,Huehuetenango,,no,No,yes,1,366.7
1816,Huehuetenango,,yes,No,yes,1,336.7
1817,Huehuetenango,,no,No,no,1,488.9
1818,Huehuetenango,,no,Yes,yes,2,259
1819,Huehuetenango,,no,No,yes,1,588.9
1820,Huehuetenango,,no,No,no,1,877.3
1821,Huehuetenango,,no,No,no,1,101.3
1822,Huehuetenango,,no,No,no,2,288.3
1823,Huehuetenango,topping,no,Yes,no,2,808
1824,Huehuetenango,desuckering,no,No,no,2,1233.3
1825,Huehuetenango,,yes,No,no,1,560
1826,Huehuetenango,,no,Yes,no,1,315.4
1827,Huehuetenango,,no,No,yes,1,135.3
1828,Huehuetenango,,no,No,yes,2,78.4
1829,Huehuetenango,,no,No,no,2,450
1830,Huehuetenango,,yes,No,yes,1,333.3
1831,Huehuetenango,,no,No,no,3,571.3
1832,Huehuetenango,branch_removal topping,no,No,yes,2,504.4
1833,Huehuetenango,topping,yes,No,yes,2,337.3
1834,Huehuetenango,,no,No,no,2,133.3
1835,Huehuetenango,,no,No,no,2,113.3
1836,Huehuetenango,,no,No,no,2,68
1837,Huehuetenango,topping,no,No,yes,2,338.3
1838,Huehuetenango,,no,No,no,1,666.7
1839,Huehuetenango,,yes,Yes,yes,2,1013.3
1840,Huehuetenango,,no,No,no,2,366.7
1841,Huehuetenango,,yes,No,no,2,117.3
1842,Huehuetenango,,no,No,no,3,666.7
1843,Huehuetenango,,no,No,no,3,833.3
1844,Huehuetenango,,no,Yes,no,1,145.7
1845,Huehuetenango,,no,No,no,1,690.3
1846,Huehuetenango,,no,No,no,2,488
1847,Huehuetenango,desuckering,no,Yes,no,2,466.7
1848,Huehuetenango,,no,No,no,2,42
1849,Huehuetenango,,yes,No,yes,3,403.6
1850,Huehuetenango,,no,No,no,2,616.7
1851,Huehuetenango,,no,No,no,2,844.4
1852,Huehuetenango,,no,No,no,2,328.3
1853,Huehuetenango,,no,No,no,2,506.7
1854,Huehuetenango,,yes,No,no,2,256.4
1855,Huehuetenango,,no,No,no,1,95.2
1856,Huehuetenango,,no,No,no,1,266.7
1857,Huehuetenango,,yes,No,no,1,277.8
1858,Huehuetenango,,yes,No,yes,1,306.7
1859,Huehuetenango,,yes,No,yes,1,280.7
1860,Huehuetenango,,no,No,no,1,446.7
1861,Huehuetenango,,no,No,no,1,222.2
1862,Huehuetenango,,no,No,no,1,800
1863,Huehuetenango,desuckering topping,yes,No,no,1,222.2
1864,Huehuetenango,,no,No,no,2,1037
1865,Huehuetenango,,no,No,no,2,486.7
1866,Huehuetenango,,no,No,no,2,1166.7
1867,Huehuetenango,,yes,No,yes,2,200
1868,Huehuetenango,,yes,Yes,yes,2,282
1869,Huehuetenango,,yes,No,no,2,600
1870,Huehuetenango,,yes,No,no,1,22.2
1871,Huehuetenango,,no,No,no,2,800
1872,Huehuetenango,,yes,No,yes,2,266.7
1873,Huehuetenango,,no,No,no,2,1333.3
1874,Huehuetenango,,yes,No,no,2,316.7
1875,Huehuetenango,,yes,No,no,1,283.3
1876,Huehuetenango,,no,No,no,1,500
1877,Huehuetenango,,no,No,no,2,266.7
1878,Huehuetenango,,yes,No,yes,1,233.3
1879,Huehuetenango,,yes,No,no,2,266.7
1880,Huehuetenango,,yes,No,no,1,266.7
1881,Huehuetenango,,no,No,no,1,200
1882,Huehuetenango,,no,No,yes,2,111.1
1883,Huehuetenango,,yes,Yes,no,2,666.7
1884,Huehuetenango,,no,No,no,1,39.2
1885,Huehuetenango,,no,No,no,1,311.1
1886,Huehuetenango,branch_removal desuckering,yes,Yes,no,2,400
1887,Huehuetenango,,yes,No,no,2,222.2
1888,Huehuetenango,,no,No,yes,1,100
1889,Huehuetenango,,no,No,no,2,1333.3
1890,Huehuetenango,,no,No,no,1,602.7
1891,Huehuetenango,,yes,No,no,2,177.8
1892,Huehuetenango,,no,No,yes,2,1733.3
1893,Huehuetenango,,no,No,yes,2,235.3
1894,Huehuetenango,,yes,Yes,yes,3,666.7
1895,Huehuetenango,,yes,No,no,2,537.3
1896,Huehuetenango,,no,No,no,2,311.1
1897,Huehuetenango,,no,No,no,2,866.7
1898,Huehuetenango,,no,No,no,2,200
1899,Huehuetenango,topping,yes,No,no,2,633.3
1900,Huehuetenango,,no,No,no,2,55.3
1901,Huehuetenango,,yes,No,no,1,367.3
1902,Huehuetenango,,yes,No,no,2,138.9
1903,Huehuetenango,,no,No,yes,1,400
1904,Huehuetenango,,no,No,no,1,67.3
1905,Huehuetenango,branch_removal topping,yes,Yes,no,2,
1906,Huehuetenango,,no,No,no,2,466.7
1907,Huehuetenango,,yes,No,no,2,235.6
1908,Huehuetenango,,yes,No,no,2,200
1909,Huehuetenango,,no,No,yes,2,66.7
1910,Huehuetenango,,no,No,yes,1,600
1911,Huehuetenango,,no,No,no,2,633.3
1912,Huehuetenango,topping,yes,Yes,yes,1,1.7
1913,Huehuetenango,,dont_know,No,no,1,333.3
1914,Huehuetenango,,yes,No,no,2,142.9
1915,Huehuetenango,,yes,No,yes,1,337.3
1916,Huehuetenango,,yes,No,no,2,166.7
1917,Huehuetenango,,no,No,no,1,53.3
1918,Huehuetenango,,no,No,no,1,359.1
1919,Huehuetenango,,no,No,no,2,133.3
1920,Huehuetenango,topping,yes,No,no,2,654
1921,Huehuetenango,,no,No,yes,1,456.1
1922,Huehuetenango,,yes,No,no,2,386.7
1923,Huehuetenango,,yes,No,no,1,266.7
1924,Huehuetenango,,no,No,yes,1,400
1925,Huehuetenango,,yes,No,no,1,155.6
1926,Huehuetenango,,no,No,no,3,1466.7
1927,Huehuetenango,,no,No,no,2,358.2
1928,Huehuetenango,,no,No,no,2,133.3
1929,Huehuetenango,other,no,No,yes,1,34
1930,Huehuetenango,,no,No,no,1,800
1931,Huehuetenango,,yes,No,no,2,244.7
1932,Huehuetenango,,yes,No,no,1,296.7
1933,Huehuetenango,,yes,No,no,2,537.3
1934,Huehuetenango,,no,No,no,1,133.3
1935,Huehuetenango,,no,No,no,4,342.9
1936,Huehuetenango,,yes,No,no,2,350.6
1937,Huehuetenango,,no,No,no,1,284.3
1938,Huehuetenango,,no,No,no,2,1166.7
1939,Huehuetenango,,no,No,no,2,66.7
1940,Huehuetenango,,yes,No,no,1,222.2
1941,Huehuetenango,,yes,Yes,no,1,270.7
1942,Huehuetenango,,no,No,no,1,1333.3
1943,Huehuetenango,,no,No,yes,1,905.2
1944,Huehuetenango,,no,No,no,1,533.3
1945,Huehuetenango,,no,No,no,1,181.3
1946,Huehuetenango,,no,No,no,1,223.7
1947,Huehuetenango,,yes,No,no,2,911.1
1948,Huehuetenango,,yes,No,no,4,104.8
1949,Huehuetenango,,yes,No,no,2,844.4
1950,Huehuetenango,,no,No,no,2,16.7
1951,Huehuetenango,,no,No,yes,2,444.4
1952,Huehuetenango,,no,Yes,no,2,237.3
1953,Huehuetenango,,yes,No,no,2,166.7
1954,Huehuetenango,,no,No,no,2,733.3
1955,Huehuetenango,,yes,Yes,no,2,1046.2
1956,Huehuetenango,,no,No,no,2,355.6
1957,Huehuetenango,,no,No,no,1,500
1958,Huehuetenango,,no,No,no,1,111.1
1959,Huehuetenango,,yes,No,no,1,750
1960,Huehuetenango,,no,No,yes,2,66.7
1961,Huehuetenango,,no,No,yes,2,166.7
1962,Huehuetenango,,yes,Yes,no,2,333.3
1963,Huehuetenango,,no,No,yes,1,335.6
1964,Huehuetenango,,yes,No,no,1,570
1965,Huehuetenango,,yes,Yes,yes,2,66.7
1966,Huehuetenango,,yes,No,no,2,333.3
1967,Huehuetenango,,no,No,yes,1,1619
1968,Huehuetenango,,yes,No,no,2,766.7
1969,Huehuetenango,,no,No,no,1,761.9
1970,Huehuetenango,,no,No,no,2,344.4
1971,Huehuetenango,,no,No,no,0,533.3
1972,Huehuetenango,,no,No,yes,0,68
1973,Huehuetenango,,no,No,no,1,546.7
1974,Huehuetenango,,yes,No,yes,2,133.3
1975,Huehuetenango,,no,No,no,2,381
1976,Huehuetenango,,no,No,no,1,100
1977,Huehuetenango,,no,No,no,2,333.3
1978,Huehuetenango,,no,No,no,1,200
1979,Huehuetenango,,no,No,no,2,382.2
1980,Huehuetenango,selective_pruning,no,Yes,no,2,66.7
1981,Huehuetenango,,no,No,no,3,66.7
1982,Huehuetenango,topping,no,No,no,2,568.9
1983,Huehuetenango,,no,No,no,2,666.7
1984,Huehuetenango,,yes,Yes,no,1,
1985,Huehuetenango,topping,no,No,no,2,141.7
1986,Huehuetenango,topping,yes,No,no,2,650
1987,Huehuetenango,,no,No,no,1,113.8
1988,Huehuetenango,,yes,No,yes,2,333.3
1989,Huehuetenango,,no,No,no,2,66.7
1990,Huehuetenango,,yes,No,no,2,400
1991,Huehuetenango,,yes,No,no,1,365.3
1992,Huehuetenango,,yes,No,no,3,166.7
1993,Huehuetenango,,no,No,no,1,566.7
1994,Huehuetenango,,no,No,no,2,222.2
1995,Huehuetenango,,yes,Yes,no,3,66.7
1996,Huehuetenango,,no,No,no,2,133.3
1997,Huehuetenango,,no,No,no,2,134.7
1998,Huehuetenango,,no,Yes,yes,3,72.7
1999,Huehuetenango,,no,Yes,yes,2,600
2000,Huehuetenango,,no,No,no,1,716.4
2001,Huehuetenango,,no,Yes,no,2,500
2002,Huehuetenango,,no,No,no,3,125
2003,Huehuetenango,,no,No,no,1,800
2004,Huehuetenango,desuckering,yes,No,no,2,151.5
2005,Huehuetenango,,no,No,no,2,66.7
2006,Huehuetenango,,yes,No,no,2,100
2007,Huehuetenango,,no,No,no,1,66.7
2008,Huehuetenango,,no,No,yes,2,555.6
2009,Huehuetenango,,yes,No,yes,2,625.7
2010,Huehuetenango,,yes,No,yes,2,416.7
2011,Huehuetenango,topping,yes,No,yes,2,447.1
2012,Huehuetenango,,no,No,no,2,58.3
2013,Huehuetenango,,no,No,yes,1,1336.5
2014,Huehuetenango,,yes,No,yes,2,60
2015,Huehuetenango,,yes,No,no,2,307.7
2016,Huehuetenango,,yes,No,no,1,166.7
2017,Huehuetenango,,no,No,no,1,66.7
2018,Huehuetenango,,no,No,yes,2,333.3
2019,Huehuetenango,topping,no,Yes,no,2,93.3
2020,Huehuetenango,,no,Yes,no,2,51
2021,Huehuetenango,,no,No,yes,2,400
2022,Huehuetenango,,yes,No,no,2,366.7
2023,Huehuetenango,,no,No,no,1,843.3
2024,Huehuetenango,,no,No,no,3,1000
2025,Huehuetenango,,yes,No,no,1,222.2
2026,Huehuetenango,,yes,Yes,yes,3,256.4
2027,Huehuetenango,,dont_know,No,no,1,266.7
2028,Huehuetenango,,no,No,no,2,801.8
2029,Huehuetenango,,no,No,yes,2,358.2